Fecha;BEN;CO;EBN;NO;NO2;NOX;O3;PM10;SO2;TOL
1/07/2015;0.01;0.1;null(null);5.9;9.6;19.0;43.0;10.0;3.9;0.01
2/07/2015;0.01;0.1;null(null);2.5;7.6;12.0;43.0;9.2;1.8;0.01
3/07/2015;0.01;0.1;null(null);4.6;14.0;21.0;43.0;23.0;5.9;0.01
4/07/2015;0.01;0.1;null(null);1.2;2.8;5.0;55.0;9.9;1.5;0.01
5/07/2015;0.01;0.1;null(null);1.3;3.0;5.1;66.0;12.0;1.3;0.01
6/07/2015;0.01;0.1;null(null);6.6;17.0;27.0;45.0;13.0;5.7;0.01
7/07/2015;0.01;0.1;null(null);3.1;7.9;13.0;40.0;9.9;1.3;0.01
8/07/2015;0.01;0.1;null(null);2.5;7.0;11.0;55.0;19.0;1.0;0.01
9/07/2015;0.01;0.1;null(null);3.0;9.6;14.0;62.0;25.0;2.3;0.01
10/07/2015;null(null);0.1;null(null);2.1;13.0;16.0;54.0;19.0;2.3;null(null)
11/07/2015;null(null);0.1;null(null);1.6;4.7;6.9;45.0;9.8;1.1;null(null)
12/07/2015;null(null);0.1;null(null);1.3;3.3;5.0;48.0;14.0;1.0;null(null)
13/07/2015;null(null);0.1;null(null);1.5;2.5;4.8;51.0;14.0;1.0;null(null)
14/07/2015;null(null);0.1;null(null);1.6;3.8;6.1;54.0;14.0;1.0;null(null)
15/07/2015;null(null);0.1;null(null);2.0;7.5;10.0;50.0;18.0;1.0;null(null)
16/07/2015;null(null);0.1;null(null);2.6;10.0;14.0;31.0;13.0;1.1;null(null)
17/07/2015;null(null);0.1;null(null);5.0;11.0;18.0;33.0;8.7;1.5;null(null)
18/07/2015;null(null);0.1;null(null);6.0;13.0;22.0;35.0;8.3;1.8;null(null)
19/07/2015;null(null);0.1;null(null);1.7;4.9;7.4;46.0;5.3;1.3;null(null)
20/07/2015;null(null);0.1;null(null);3.9;6.3;12.0;22.0;8.3;1.0;null(null)
21/07/2015;null(null);0.1;null(null);5.3;6.2;14.0;29.0;10.0;2.0;null(null)
22/07/2015;null(null);0.1;null(null);1.3;4.1;6.3;51.0;11.0;1.0;null(null)
23/07/2015;null(null);0.1;null(null);9.1;12.0;26.0;46.0;10.0;3.8;null(null)
24/07/2015;null(null);0.1;null(null);1.1;3.3;5.0;53.0;9.6;1.0;null(null)
25/07/2015;null(null);0.1;null(null);5.3;10.0;18.0;49.0;17.0;1.9;null(null)
26/07/2015;null(null);0.1;null(null);1.5;5.6;7.8;34.0;11.0;1.4;null(null)
27/07/2015;null(null);0.1;null(null);1.8;5.1;7.6;51.0;11.0;1.0;null(null)
28/07/2015;null(null);0.1;null(null);2.1;7.4;11.0;30.0;9.5;1.3;null(null)
29/07/2015;null(null);0.1;null(null);2.3;5.0;8.4;46.0;10.0;1.0;null(null)
30/07/2015;null(null);0.1;null(null);2.1;4.8;7.7;64.0;11.0;1.0;null(null)
31/07/2015;null(null);0.1;null(null);1.7;4.3;6.8;79.0;8.5;1.0;null(null)
1/09/2015;null(null);0.1;null(null);2.5;6.0;10.0;62.0;14.0;1.2;null(null)
2/09/2015;null(null);0.1;null(null);1.7;4.2;6.9;70.0;10.0;1.0;null(null)
3/09/2015;null(null);0.1;null(null);2.4;5.0;8.6;66.0;12.0;1.0;null(null)
4/09/2015;null(null);0.1;null(null);2.1;4.5;7.8;66.0;8.3;1.0;null(null)
5/09/2015;null(null);0.1;null(null);1.6;3.5;6.0;71.0;6.9;1.2;null(null)
6/09/2015;null(null);0.1;null(null);1.8;8.2;11.0;67.0;9.8;1.8;null(null)
7/09/2015;null(null);0.1;null(null);3.1;27.0;31.0;52.0;17.0;4.0;null(null)
8/09/2015;null(null);0.1;null(null);12.0;28.0;47.0;50.0;23.0;6.2;null(null)
9/09/2015;null(null);0.1;null(null);12.0;21.0;39.0;41.0;12.0;4.2;null(null)
10/09/2015;null(null);0.1;null(null);2.2;9.1;13.0;46.0;27.0;1.3;null(null)
11/09/2015;null(null);0.1;null(null);14.0;18.0;41.0;30.0;11.0;4.5;null(null)
12/09/2015;null(null);0.1;null(null);1.4;3.4;5.9;56.0;7.2;1.0;null(null)
13/09/2015;null(null);0.1;null(null);2.2;4.1;7.5;57.0;9.2;1.9;null(null)
14/09/2015;null(null);0.1;null(null);2.7;9.8;14.0;61.0;17.0;1.2;null(null)
15/09/2015;null(null);0.1;null(null);7.2;13.0;24.0;43.0;3.0;2.2;null(null)
16/09/2015;null(null);0.1;null(null);2.1;5.9;9.2;69.0;13.0;1.3;null(null)
17/09/2015;null(null);0.1;null(null);2.3;7.6;11.0;60.0;11.0;1.2;null(null)
18/09/2015;null(null);0.1;null(null);2.7;11.0;15.0;53.0;12.0;1.2;null(null)
19/09/2015;null(null);0.1;null(null);9.3;23.0;37.0;36.0;14.0;3.6;null(null)
20/09/2015;null(null);0.1;null(null);13.0;29.0;49.0;40.0;17.0;7.4;null(null)
21/09/2015;null(null);0.1;null(null);4.5;15.0;22.0;49.0;19.0;3.6;null(null)
22/09/2015;null(null);0.1;null(null);2.5;8.3;12.0;55.0;13.0;1.1;null(null)
23/09/2015;null(null);0.1;null(null);3.2;11.0;16.0;45.0;10.0;1.1;null(null)
24/09/2015;null(null);0.1;null(null);7.6;16.0;28.0;41.0;15.0;2.0;null(null)
25/09/2015;null(null);0.1;null(null);3.5;22.0;27.0;40.0;17.0;2.8;null(null)
26/09/2015;null(null);0.1;null(null);2.9;23.0;28.0;43.0;20.0;4.6;null(null)
27/09/2015;null(null);0.1;null(null);2.3;15.0;19.0;52.0;18.0;3.9;null(null)
28/09/2015;null(null);0.1;null(null);3.5;22.0;27.0;58.0;19.0;4.9;null(null)
29/09/2015;null(null);0.1;null(null);4.3;25.0;31.0;53.0;23.0;4.8;null(null)
30/09/2015;null(null);0.1;null(null);4.3;16.0;23.0;60.0;20.0;1.6;null(null)
1/08/2015;null(null);0.1;null(null);2.5;11.0;14.0;66.0;16.0;2.1;null(null)
2/08/2015;null(null);0.1;null(null);3.3;16.0;21.0;56.0;11.0;2.4;null(null)
3/08/2015;null(null);0.1;null(null);5.0;14.0;21.0;45.0;11.0;2.3;null(null)
4/08/2015;null(null);0.1;null(null);8.1;11.0;24.0;44.0;16.0;2.0;null(null)
5/08/2015;null(null);0.1;null(null);3.4;12.0;17.0;48.0;14.0;1.8;null(null)
6/08/2015;null(null);0.1;null(null);5.5;11.0;20.0;37.0;11.0;1.8;null(null)
7/08/2015;null(null);0.1;null(null);1.8;4.2;6.8;61.0;14.0;1.0;null(null)
8/08/2015;null(null);0.1;null(null);2.9;7.9;12.0;50.0;16.0;1.3;null(null)
9/08/2015;null(null);0.1;null(null);1.6;3.3;5.7;64.0;15.0;1.1;null(null)
10/08/2015;null(null);0.1;null(null);4.2;15.0;21.0;48.0;22.0;2.6;null(null)
11/08/2015;null(null);0.1;null(null);1.9;5.3;8.1;60.0;18.0;1.0;null(null)
12/08/2015;null(null);0.1;null(null);2.9;14.0;18.0;45.0;17.0;1.2;null(null)
13/08/2015;null(null);0.1;null(null);2.0;5.9;9.1;58.0;9.6;1.0;null(null)
14/08/2015;null(null);0.1;null(null);2.6;9.8;13.0;39.0;10.0;1.0;null(null)
15/08/2015;null(null);0.1;null(null);4.5;9.9;17.0;35.0;14.0;1.8;null(null)
16/08/2015;null(null);0.1;null(null);2.2;6.1;9.6;41.0;7.2;1.1;null(null)
17/08/2015;null(null);0.1;null(null);3.2;7.9;13.0;40.0;7.9;1.3;null(null)
18/08/2015;null(null);0.1;null(null);4.2;7.3;14.0;38.0;8.5;1.1;null(null)
19/08/2015;null(null);0.1;null(null);5.5;7.5;16.0;47.0;13.0;1.1;null(null)
20/08/2015;null(null);0.1;null(null);14.0;17.0;38.0;42.0;58.0;4.2;null(null)
21/08/2015;null(null);0.1;null(null);4.3;13.0;19.0;45.0;16.0;1.2;null(null)
22/08/2015;null(null);0.1;null(null);9.8;11.0;26.0;30.0;8.0;4.0;null(null)
23/08/2015;null(null);0.1;null(null);1.9;3.2;5.8;53.0;11.0;1.0;null(null)
24/08/2015;null(null);0.1;null(null);2.6;6.9;11.0;57.0;16.0;1.4;null(null)
25/08/2015;null(null);0.1;null(null);2.6;7.7;12.0;44.0;6.3;3.0;null(null)
26/08/2015;null(null);0.1;null(null);3.9;11.0;17.0;43.0;5.4;2.0;null(null)
27/08/2015;null(null);0.1;null(null);3.5;13.0;19.0;33.0;4.4;1.8;null(null)
28/08/2015;null(null);0.1;null(null);18.0;24.0;52.0;22.0;7.0;3.0;null(null)
29/08/2015;null(null);0.1;null(null);16.0;12.0;36.0;22.0;8.9;3.1;null(null)
30/08/2015;null(null);0.1;null(null);12.0;14.0;32.0;20.0;14.0;1.8;null(null)
31/08/2015;null(null);0.1;null(null);2.9;9.1;13.0;30.0;16.0;1.0;null(null)
1/04/2015;null(null);0.1;null(null);2.8;9.0;13.0;66.0;23.0;1.3;null(null)
2/04/2015;null(null);0.1;null(null);4.7;17.0;24.0;62.0;20.0;4.1;null(null)
3/04/2015;null(null);0.1;null(null);2.1;9.2;13.0;64.0;13.0;1.9;null(null)
4/04/2015;null(null);0.1;null(null);1.9;6.0;8.8;79.0;12.0;1.0;null(null)
5/04/2015;null(null);0.1;null(null);2.5;13.0;17.0;61.0;14.0;2.4;null(null)
6/04/2015;null(null);0.1;null(null);2.5;13.0;17.0;72.0;19.0;2.8;null(null)
7/04/2015;null(null);0.11;null(null);3.3;20.0;25.0;73.0;19.0;3.6;null(null)
8/04/2015;null(null);0.1;null(null);11.0;25.0;42.0;68.0;23.0;3.7;null(null)
9/04/2015;null(null);0.1;null(null);2.5;12.0;16.0;67.0;15.0;1.0;null(null)
10/04/2015;null(null);0.1;null(null);2.5;14.0;18.0;64.0;14.0;1.6;null(null)
11/04/2015;null(null);0.11;null(null);2.3;7.8;11.0;64.0;8.1;1.5;null(null)
12/04/2015;null(null);0.14;null(null);12.0;27.0;46.0;49.0;12.0;5.3;null(null)
13/04/2015;null(null);0.11;null(null);11.0;27.0;44.0;57.0;33.0;4.0;null(null)
14/04/2015;null(null);0.11;null(null);8.5;40.0;53.0;49.0;47.0;7.3;null(null)
15/04/2015;null(null);0.12;null(null);5.5;27.0;36.0;39.0;31.0;2.1;null(null)
16/04/2015;null(null);0.1;null(null);2.2;11.0;15.0;74.0;21.0;1.1;null(null)
17/04/2015;null(null);0.1;null(null);12.0;24.0;42.0;56.0;8.3;4.8;null(null)
18/04/2015;null(null);0.1;null(null);3.0;16.0;20.0;60.0;5.6;2.6;null(null)
19/04/2015;null(null);0.11;null(null);1.8;5.5;8.3;67.0;10.0;1.4;null(null)
20/04/2015;null(null);0.11;null(null);7.8;18.0;30.0;54.0;15.0;2.2;null(null)
21/04/2015;null(null);0.14;null(null);3.4;18.0;23.0;65.0;20.0;2.3;null(null)
22/04/2015;null(null);0.11;null(null);4.0;13.0;19.0;56.0;14.0;1.4;null(null)
23/04/2015;null(null);0.12;null(null);9.0;16.0;30.0;55.0;9.8;2.8;null(null)
24/04/2015;null(null);0.11;null(null);9.5;24.0;39.0;46.0;7.3;4.1;null(null)
25/04/2015;null(null);0.11;null(null);6.3;18.0;27.0;58.0;7.8;3.1;null(null)
26/04/2015;null(null);0.11;null(null);7.1;12.0;23.0;67.0;6.1;2.5;null(null)
27/04/2015;null(null);0.18;null(null);1.8;4.8;7.7;68.0;11.0;1.0;null(null)
28/04/2015;null(null);0.1;null(null);4.6;13.0;20.0;52.0;13.0;2.4;null(null)
29/04/2015;null(null);0.11;null(null);5.2;13.0;21.0;61.0;12.0;3.0;null(null)
30/04/2015;null(null);0.14;null(null);2.3;6.7;10.0;55.0;3.6;2.0;null(null)
1/06/2015;0.01;0.14;null(null);2.8;7.1;11.0;68.0;7.8;1.5;0.01
2/06/2015;0.01;0.12;null(null);2.5;5.7;9.5;49.0;9.3;2.1;0.01
3/06/2015;0.01;0.12;null(null);2.5;7.4;11.0;44.0;16.0;1.3;0.01
4/06/2015;0.01;0.19;null(null);11.0;19.0;36.0;49.0;27.0;4.3;0.01
5/06/2015;0.01;0.13;null(null);2.2;2.8;6.1;62.0;12.0;1.1;0.01
6/06/2015;0.01;0.13;null(null);1.9;3.5;6.2;63.0;14.0;1.0;0.01
7/06/2015;0.01;0.19;null(null);1.9;3.7;6.8;66.0;13.0;1.3;0.01
8/06/2015;0.01;0.23;null(null);2.2;10.0;14.0;76.0;20.0;1.2;0.01
9/06/2015;0.01;0.13;null(null);1.9;6.5;9.5;93.0;26.0;1.1;0.01
10/06/2015;0.01;0.15;null(null);1.8;5.0;7.8;91.0;24.0;1.0;0.01
11/06/2015;0.01;0.1;null(null);3.5;10.0;15.0;78.0;15.0;3.3;0.01
12/06/2015;0.01;0.1;null(null);2.8;8.0;12.0;79.0;13.0;1.4;0.01
13/06/2015;0.01;0.12;null(null);7.3;18.0;29.0;59.0;8.1;3.8;0.01
14/06/2015;0.01;0.16;null(null);2.8;8.5;12.0;61.0;7.3;1.3;0.01
15/06/2015;0.01;0.14;null(null);1.8;2.9;5.6;77.0;10.0;1.0;0.01
16/06/2015;0.01;0.2;null(null);3.0;6.6;11.0;61.0;11.0;1.6;0.01
17/06/2015;0.01;0.13;null(null);2.1;4.8;7.8;85.0;19.0;1.3;0.01
18/06/2015;0.01;0.17;null(null);2.3;6.1;9.9;80.0;31.0;1.4;0.01
19/06/2015;0.01;0.15;null(null);3.1;4.3;8.8;44.0;16.0;1.1;0.01
20/06/2015;0.01;0.1;null(null);2.0;2.9;5.8;64.0;14.0;1.8;0.01
21/06/2015;0.01;0.1;null(null);2.1;6.3;9.3;72.0;19.0;1.5;0.01
22/06/2015;0.01;0.1;null(null);4.4;12.0;19.0;63.0;21.0;2.2;0.01
23/06/2015;0.01;0.1;null(null);2.9;11.0;16.0;57.0;25.0;1.2;0.01
24/06/2015;0.01;0.1;null(null);7.0;16.0;26.0;47.0;34.0;2.7;0.01
25/06/2015;0.01;0.1;null(null);14.0;13.0;35.0;46.0;18.0;4.4;0.01
26/06/2015;0.01;0.1;null(null);5.1;9.4;17.0;45.0;14.0;3.3;0.01
27/06/2015;0.01;0.1;null(null);2.3;5.4;9.0;42.0;10.0;1.0;0.01
28/06/2015;0.01;0.1;null(null);1.5;3.4;5.8;49.0;15.0;1.0;0.01
29/06/2015;0.01;0.1;null(null);6.1;21.0;31.0;50.0;24.0;4.8;0.01
30/06/2015;0.01;0.1;null(null);3.1;11.0;15.0;53.0;17.0;1.0;0.01
1/05/2015;null(null);0.13;null(null);1.9;4.1;6.9;49.0;3.0;1.0;null(null)
2/05/2015;null(null);0.11;null(null);2.1;2.6;5.7;49.0;3.5;1.0;null(null)
3/05/2015;null(null);0.14;null(null);1.9;3.3;6.1;66.0;7.5;1.3;null(null)
4/05/2015;null(null);0.11;null(null);5.0;11.0;19.0;54.0;9.2;1.3;null(null)
5/05/2015;null(null);0.1;null(null);2.1;5.4;8.8;90.0;20.0;1.3;null(null)
6/05/2015;null(null);0.1;null(null);4.0;12.0;18.0;69.0;13.0;1.7;null(null)
7/05/2015;null(null);0.12;null(null);5.4;20.0;28.0;56.0;9.6;2.0;null(null)
8/05/2015;null(null);0.12;null(null);2.4;8.8;12.0;68.0;8.7;1.2;null(null)
9/05/2015;null(null);0.12;null(null);1.9;5.1;7.9;67.0;8.2;1.4;null(null)
10/05/2015;null(null);0.11;null(null);2.3;10.0;14.0;57.0;14.0;2.8;null(null)
11/05/2015;null(null);0.16;null(null);4.2;12.0;18.0;60.0;17.0;1.9;null(null)
12/05/2015;null(null);0.15;null(null);10.0;25.0;41.0;59.0;25.0;7.3;null(null)
13/05/2015;null(null);0.11;null(null);2.1;6.9;10.0;74.0;19.0;2.0;null(null)
14/05/2015;null(null);0.14;null(null);1.6;3.1;5.8;78.0;20.0;1.1;null(null)
15/05/2015;null(null);0.13;null(null);1.6;2.6;4.9;82.0;21.0;1.0;null(null)
16/05/2015;null(null);0.1;null(null);1.9;3.0;5.8;63.0;14.0;1.0;null(null)
17/05/2015;null(null);0.1;null(null);1.9;1.9;4.7;54.0;16.0;1.0;null(null)
18/05/2015;null(null);0.1;null(null);1.8;2.3;4.7;69.0;9.2;1.0;null(null)
19/05/2015;null(null);0.11;null(null);1.7;2.5;4.7;81.0;12.0;1.0;null(null)
20/05/2015;null(null);0.1;null(null);1.8;2.8;5.3;80.0;17.0;1.0;null(null)
21/05/2015;null(null);0.1;null(null);2.9;7.1;12.0;71.0;15.0;1.3;null(null)
22/05/2015;null(null);0.12;null(null);2.8;12.0;16.0;70.0;20.0;1.1;null(null)
23/05/2015;null(null);0.1;null(null);2.0;2.3;5.2;57.0;10.0;1.2;null(null)
24/05/2015;null(null);0.12;null(null);1.8;1.5;3.9;51.0;10.0;1.0;null(null)
25/05/2015;null(null);0.11;null(null);1.9;2.5;5.5;61.0;9.8;1.0;null(null)
26/05/2015;null(null);0.1;null(null);1.9;3.2;6.3;64.0;13.0;1.0;null(null)
27/05/2015;null(null);0.12;null(null);2.3;4.3;7.6;74.0;22.0;1.5;null(null)
28/05/2015;null(null);0.1;null(null);1.8;3.8;6.6;80.0;16.0;1.0;null(null)
29/05/2015;0.01;0.1;null(null);2.2;5.5;8.5;70.0;8.9;1.1;0.01
30/05/2015;0.01;0.12;null(null);2.4;5.4;8.9;48.0;8.3;1.9;0.01
31/05/2015;0.01;0.15;null(null);2.3;5.3;9.0;38.0;6.5;1.1;0.01
1/02/2015;null(null);0.1;null(null);3.5;4.4;9.4;73.0;5.1;1.0;null(null)
2/02/2015;null(null);0.1;null(null);4.4;7.5;14.0;66.0;3.0;1.0;null(null)
3/02/2015;null(null);0.1;null(null);1.8;6.8;9.5;71.0;2.3;1.0;null(null)
4/02/2015;null(null);0.11;null(null);3.9;22.0;27.0;47.0;3.0;1.0;null(null)
5/02/2015;null(null);0.11;null(null);8.6;30.0;43.0;36.0;9.6;1.0;null(null)
6/02/2015;null(null);0.11;null(null);3.3;17.0;22.0;50.0;2.4;1.0;null(null)
7/02/2015;null(null);0.14;null(null);2.7;14.0;18.0;47.0;12.0;1.0;null(null)
8/02/2015;null(null);0.1;null(null);2.3;9.1;13.0;57.0;15.0;1.0;null(null)
9/02/2015;null(null);0.12;null(null);2.8;15.0;20.0;61.0;15.0;2.0;null(null)
10/02/2015;null(null);0.13;null(null);27.0;42.0;84.0;31.0;19.0;3.8;null(null)
11/02/2015;null(null);0.14;null(null);25.0;38.0;76.0;29.0;19.0;5.3;null(null)
12/02/2015;null(null);0.1;null(null);8.6;30.0;43.0;40.0;13.0;4.4;null(null)
13/02/2015;null(null);0.1;null(null);3.1;9.4;14.0;74.0;6.5;4.4;null(null)
14/02/2015;null(null);0.11;null(null);1.6;6.6;9.0;72.0;9.5;3.5;null(null)
15/02/2015;null(null);0.1;null(null);2.0;4.3;7.2;71.0;5.7;4.0;null(null)
16/02/2015;null(null);0.1;null(null);2.2;6.3;9.2;69.0;7.6;3.9;null(null)
17/02/2015;null(null);0.1;null(null);2.5;13.0;17.0;64.0;12.0;4.0;null(null)
18/02/2015;null(null);0.11;null(null);4.5;22.0;29.0;52.0;11.0;4.1;null(null)
19/02/2015;null(null);0.1;null(null);7.6;32.0;43.0;31.0;23.0;4.3;null(null)
20/02/2015;null(null);0.12;null(null);5.5;17.0;25.0;53.0;6.4;4.5;null(null)
21/02/2015;null(null);0.1;null(null);1.8;5.0;7.6;74.0;8.0;4.1;null(null)
22/02/2015;null(null);0.1;null(null);2.0;5.8;8.7;60.0;3.7;4.0;null(null)
23/02/2015;null(null);0.1;null(null);2.2;4.6;8.0;73.0;7.3;4.0;null(null)
24/02/2015;null(null);0.1;null(null);2.2;5.1;8.3;75.0;16.0;4.5;null(null)
25/02/2015;null(null);0.1;null(null);2.0;5.8;8.6;74.0;15.0;3.8;null(null)
26/02/2015;null(null);0.1;null(null);2.3;8.3;12.0;72.0;5.8;4.0;null(null)
27/02/2015;null(null);0.1;null(null);7.3;16.0;27.0;68.0;13.0;4.4;null(null)
28/02/2015;null(null);0.1;null(null);1.7;5.0;7.5;65.0;4.2;4.1;null(null)
1/10/2015;null(null);0.11;null(null);9.2;19.0;33.0;54.0;22.0;1.0;null(null)
2/10/2015;null(null);0.1;null(null);10.0;25.0;40.0;54.0;19.0;1.8;null(null)
3/10/2015;null(null);0.1;null(null);14.0;40.0;61.0;27.0;21.0;3.3;null(null)
4/10/2015;null(null);0.1;null(null);16.0;18.0;42.0;43.0;6.7;1.0;null(null)
5/10/2015;null(null);0.1;null(null);7.3;9.5;21.0;58.0;6.8;1.0;null(null)
6/10/2015;null(null);0.1;null(null);2.3;8.3;12.0;65.0;16.0;1.0;null(null)
7/10/2015;null(null);0.1;null(null);4.3;13.0;19.0;40.0;14.0;1.0;null(null)
8/10/2015;null(null);0.1;null(null);16.0;31.0;56.0;23.0;17.0;1.0;null(null)
9/10/2015;null(null);0.1;null(null);15.0;31.0;54.0;31.0;21.0;1.0;null(null)
10/10/2015;null(null);0.1;null(null);5.8;25.0;34.0;37.0;10.0;1.0;null(null)
11/10/2015;null(null);0.1;null(null);1.8;7.2;9.9;51.0;6.8;1.0;null(null)
12/10/2015;null(null);0.1;null(null);1.6;2.8;5.2;69.0;17.0;1.0;null(null)
13/10/2015;null(null);0.1;null(null);2.2;7.3;11.0;73.0;20.0;1.0;null(null)
14/10/2015;null(null);0.1;null(null);3.0;19.0;24.0;63.0;16.0;1.0;null(null)
15/10/2015;null(null);0.1;null(null);13.0;34.0;53.0;37.0;14.0;1.0;null(null)
16/10/2015;null(null);0.1;null(null);8.8;29.0;42.0;35.0;null(null);1.0;null(null)
17/10/2015;null(null);0.1;null(null);3.6;18.0;24.0;44.0;17.0;1.7;null(null)
18/10/2015;null(null);0.1;null(null);2.1;14.0;17.0;45.0;14.0;1.0;null(null)
19/10/2015;null(null);0.1;null(null);1.8;4.7;7.4;59.0;8.8;1.0;null(null)
20/10/2015;null(null);0.1;null(null);2.0;8.4;11.0;66.0;19.0;1.0;null(null)
21/10/2015;null(null);0.1;null(null);2.8;9.3;13.0;66.0;15.0;1.0;null(null)
22/10/2015;null(null);0.1;null(null);7.3;24.0;35.0;43.0;18.0;1.0;null(null)
23/10/2015;null(null);0.1;null(null);24.0;31.0;68.0;38.0;26.0;2.5;null(null)
24/10/2015;null(null);0.1;null(null);1.8;6.9;9.8;69.0;16.0;1.0;null(null)
25/10/2015;null(null);0.1;null(null);8.9;21.0;35.0;48.0;13.0;2.0;null(null)
26/10/2015;null(null);0.14;null(null);2.2;10.0;14.0;58.0;8.9;1.1;null(null)
27/10/2015;0.01;0.17;null(null);2.1;8.2;11.0;61.0;8.9;1.3;0.033
28/10/2015;0.011;0.18;null(null);2.1;7.3;10.0;66.0;10.0;1.1;0.027
29/10/2015;0.01;0.23;null(null);2.2;6.7;9.8;59.0;3.1;1.0;0.02
30/10/2015;0.011;0.21;null(null);11.0;17.0;33.0;55.0;9.8;5.0;0.012
1/03/2015;null(null);0.11;null(null);6.9;14.0;24.0;59.0;3.1;3.5;null(null)
2/03/2015;null(null);0.11;null(null);2.2;13.0;16.0;63.0;3.8;3.5;null(null)
3/03/2015;null(null);0.1;null(null);2.0;11.0;14.0;66.0;2.8;4.0;null(null)
4/03/2015;null(null);0.1;null(null);4.0;15.0;21.0;63.0;10.0;4.3;null(null)
5/03/2015;null(null);0.1;null(null);3.3;18.0;23.0;64.0;11.0;4.3;null(null)
6/03/2015;null(null);0.11;null(null);13.0;37.0;57.0;36.0;20.0;3.9;null(null)
7/03/2015;null(null);0.1;null(null);21.0;39.0;70.0;40.0;39.0;4.5;null(null)
8/03/2015;null(null);0.1;null(null);13.0;30.0;50.0;48.0;24.0;4.3;null(null)
9/03/2015;null(null);0.12;null(null);24.0;28.0;64.0;50.0;23.0;4.2;null(null)
11/03/2015;null(null);0.1;null(null);5.1;20.0;28.0;56.0;18.0;4.1;null(null)
12/03/2015;null(null);0.11;null(null);4.3;22.0;28.0;37.0;35.0;4.1;null(null)
13/03/2015;null(null);0.1;null(null);1.8;5.8;8.5;79.0;9.5;4.2;null(null)
14/03/2015;null(null);0.12;null(null);7.6;19.0;30.0;57.0;13.0;4.0;null(null)
15/03/2015;null(null);0.13;null(null);1.8;11.0;14.0;65.0;17.0;4.0;null(null)
16/03/2015;null(null);0.11;null(null);15.0;34.0;57.0;45.0;24.0;4.0;null(null)
17/03/2015;null(null);0.11;null(null);20.0;39.0;69.0;40.0;27.0;4.0;null(null)
18/03/2015;null(null);0.11;null(null);2.2;11.0;15.0;80.0;18.0;4.0;null(null)
19/03/2015;null(null);0.13;null(null);2.3;11.0;15.0;73.0;24.0;2.8;null(null)
20/03/2015;null(null);0.1;null(null);1.9;10.0;13.0;86.0;31.0;1.0;null(null)
21/03/2015;null(null);0.11;null(null);1.9;10.0;13.0;73.0;9.5;1.0;null(null)
22/03/2015;null(null);0.12;null(null);1.9;8.1;11.0;76.0;18.0;1.0;null(null)
23/03/2015;null(null);0.11;null(null);2.2;7.6;11.0;72.0;5.5;1.0;null(null)
24/03/2015;null(null);0.1;null(null);1.9;5.2;7.8;81.0;10.0;1.0;null(null)
25/03/2015;null(null);0.11;null(null);2.0;6.5;9.8;76.0;7.2;1.0;null(null)
26/03/2015;null(null);0.15;null(null);2.0;5.9;9.2;63.0;4.4;1.0;null(null)
27/03/2015;null(null);0.12;null(null);2.5;8.0;12.0;60.0;6.7;1.0;null(null)
28/03/2015;null(null);0.1;null(null);1.9;3.8;6.5;62.0;5.5;1.0;null(null)
29/03/2015;null(null);0.1;null(null);1.8;4.3;6.8;67.0;11.0;1.3;null(null)
30/03/2015;null(null);0.1;null(null);4.3;11.0;18.0;59.0;13.0;1.1;null(null)
31/03/2015;null(null);0.11;null(null);2.4;8.1;12.0;61.0;7.5;1.3;null(null)
1/01/2015;null(null);0.12;null(null);24.0;43.0;80.0;14.0;14.0;4.9;null(null)
2/01/2015;null(null);0.11;null(null);52.0;49.0;129.0;5.7;23.0;5.0;null(null)
3/01/2015;null(null);0.1;null(null);3.5;16.0;21.0;32.0;9.2;4.6;null(null)
4/01/2015;null(null);0.1;null(null);3.8;19.0;25.0;31.0;7.6;4.6;null(null)
5/01/2015;null(null);0.1;null(null);15.0;22.0;45.0;32.0;5.9;5.0;null(null)
6/01/2015;null(null);0.16;null(null);3.5;17.0;22.0;50.0;5.6;5.0;null(null)
7/01/2015;null(null);0.12;null(null);9.3;27.0;42.0;21.0;10.0;4.8;null(null)
8/01/2015;null(null);0.11;null(null);4.9;24.0;31.0;34.0;12.0;4.5;null(null)
9/01/2015;null(null);0.1;null(null);4.0;25.0;31.0;21.0;14.0;3.3;null(null)
10/01/2015;null(null);0.1;null(null);1.7;15.0;18.0;29.0;11.0;1.1;null(null)
11/01/2015;null(null);0.11;null(null);5.2;20.0;28.0;37.0;10.0;1.0;null(null)
12/01/2015;null(null);0.1;null(null);11.0;20.0;37.0;30.0;8.1;1.1;null(null)
13/01/2015;null(null);0.11;null(null);1.8;8.6;11.0;63.0;4.0;1.1;null(null)
15/01/2015;null(null);null(null);0.0;null(null);null(null);null(null);null(null);null(null);null(null);null(null)
16/01/2015;null(null);0.1;null(null);13.0;25.0;46.0;47.0;10.0;1.0;null(null)
17/01/2015;null(null);0.11;null(null);26.0;28.0;67.0;39.0;3.0;1.0;null(null)
18/01/2015;null(null);0.11;null(null);24.0;27.0;63.0;44.0;2.6;1.0;null(null)
19/01/2015;null(null);0.1;null(null);12.0;20.0;39.0;49.0;7.7;1.0;null(null)
20/01/2015;null(null);0.1;null(null);2.4;6.9;11.0;66.0;2.8;1.1;null(null)
21/01/2015;null(null);0.1;null(null);1.8;2.5;5.0;79.0;5.9;1.0;null(null)
22/01/2015;null(null);0.12;null(null);2.1;15.0;18.0;66.0;2.6;1.0;null(null)
23/01/2015;null(null);0.11;null(null);11.0;28.0;44.0;31.0;5.4;1.2;null(null)
24/01/2015;null(null);0.1;null(null);6.9;18.0;29.0;35.0;4.4;1.1;null(null)
25/01/2015;null(null);0.1;null(null);2.0;8.8;12.0;61.0;9.8;1.0;null(null)
26/01/2015;null(null);0.15;null(null);7.6;27.0;38.0;28.0;11.0;1.2;null(null)
27/01/2015;null(null);0.11;null(null);23.0;23.0;58.0;34.0;9.4;1.0;null(null)
28/01/2015;null(null);0.12;null(null);2.2;12.0;15.0;52.0;3.3;1.0;null(null)
29/01/2015;null(null);0.1;null(null);2.0;5.7;8.7;62.0;2.9;1.0;null(null)
30/01/2015;null(null);0.1;null(null);1.8;1.6;4.0;69.0;4.8;1.0;null(null)
31/01/2015;null(null);0.1;null(null);1.7;1.3;3.5;78.0;5.6;1.0;null(null)
