Nombre;Longitud;Latitud;Fecha;SO2;NO;NO2;PM10;O3
GUARDO;-4.82722;42.70361;2014-01-01;1. MUY ALTO;5. MUY BAJO;5. MUY BAJO;5. MUY BAJO;4. BAJO
GUARDO;-4.82722;42.70361;2014-01-02;3. MEDIO;5. MUY BAJO;5. MUY BAJO;5. MUY BAJO;4. BAJO
GUARDO;-4.82722;42.70361;2014-01-03;2. ALTO;5. MUY BAJO;5. MUY BAJO;4. BAJO;4. BAJO
GUARDO;-4.82722;42.70361;2014-01-04;3. MEDIO;5. MUY BAJO;5. MUY BAJO;5. MUY BAJO;4. BAJO
GUARDO;-4.82722;42.70361;2014-01-05;3. MEDIO;5. MUY BAJO;5. MUY BAJO;5. MUY BAJO;5. MUY BAJO
GUARDO;-4.82722;42.70361;2014-01-06;1. MUY ALTO;5. MUY BAJO;5. MUY BAJO;5. MUY BAJO;4. BAJO
GUARDO;-4.82722;42.70361;2014-01-07;1. MUY ALTO;5. MUY BAJO;5. MUY BAJO;5. MUY BAJO;4. BAJO
GUARDO;-4.82722;42.70361;2014-01-08;1. MUY ALTO;5. MUY BAJO;5. MUY BAJO;4. BAJO;5. MUY BAJO
GUARDO;-4.82722;42.70361;2014-01-09;3. MEDIO;5. MUY BAJO;5. MUY BAJO;3. MEDIO;5. MUY BAJO
GUARDO;-4.82722;42.70361;2014-01-10;2. ALTO;5. MUY BAJO;5. MUY BAJO;3. MEDIO;5. MUY BAJO
GUARDO;-4.82722;42.70361;2014-01-11;2. ALTO;5. MUY BAJO;5. MUY BAJO;4. BAJO;5. MUY BAJO
GUARDO;-4.82722;42.70361;2014-01-12;1. MUY ALTO;5. MUY BAJO;5. MUY BAJO;4. BAJO;5. MUY BAJO
GUARDO;-4.82722;42.70361;2014-01-13;2. ALTO;5. MUY BAJO;5. MUY BAJO;5. MUY BAJO;4. BAJO
GUARDO;-4.82722;42.70361;2014-01-14;1. MUY ALTO;5. MUY BAJO;5. MUY BAJO;5. MUY BAJO;5. MUY BAJO
GUARDO;-4.82722;42.70361;2014-01-15;1. MUY ALTO;5. MUY BAJO;5. MUY BAJO;5. MUY BAJO;5. MUY BAJO
GUARDO;-4.82722;42.70361;2014-01-16;1. MUY ALTO;5. MUY BAJO;5. MUY BAJO;5. MUY BAJO;4. BAJO
GUARDO;-4.82722;42.70361;2014-01-17;1. MUY ALTO;5. MUY BAJO;4. BAJO;4. BAJO;5. MUY BAJO
GUARDO;-4.82722;42.70361;2014-01-18;1. MUY ALTO;5. MUY BAJO;5. MUY BAJO;5. MUY BAJO;4. BAJO
GUARDO;-4.82722;42.70361;2014-01-19;4. BAJO;5. MUY BAJO;5. MUY BAJO;5. MUY BAJO;4. BAJO
GUARDO;-4.82722;42.70361;2014-01-20;4. BAJO;5. MUY BAJO;5. MUY BAJO;5. MUY BAJO;4. BAJO
GUARDO;-4.82722;42.70361;2014-01-21;3. MEDIO;5. MUY BAJO;5. MUY BAJO;4. BAJO;5. MUY BAJO
GUARDO;-4.82722;42.70361;2014-01-22;3. MEDIO;5. MUY BAJO;5. MUY BAJO;5. MUY BAJO;4. BAJO
GUARDO;-4.82722;42.70361;2014-01-23;2. ALTO;5. MUY BAJO;5. MUY BAJO;4. BAJO;4. BAJO
GUARDO;-4.82722;42.70361;2014-01-24;4. BAJO;5. MUY BAJO;5. MUY BAJO;4. BAJO;4. BAJO
GUARDO;-4.82722;42.70361;2014-01-25;5. MUY BAJO;5. MUY BAJO;5. MUY BAJO;5. MUY BAJO;4. BAJO
GUARDO;-4.82722;42.70361;2014-01-26;2. ALTO;5. MUY BAJO;5. MUY BAJO;5. MUY BAJO;5. MUY BAJO
GUARDO;-4.82722;42.70361;2014-01-27;5. MUY BAJO;5. MUY BAJO;5. MUY BAJO;5. MUY BAJO;4. BAJO
GUARDO;-4.82722;42.70361;2014-01-28;2. ALTO;5. MUY BAJO;5. MUY BAJO;5. MUY BAJO;4. BAJO
GUARDO;-4.82722;42.70361;2014-01-29;4. BAJO;5. MUY BAJO;5. MUY BAJO;5. MUY BAJO;4. BAJO
GUARDO;-4.82722;42.70361;2014-01-30;2. ALTO;5. MUY BAJO;5. MUY BAJO;5. MUY BAJO;4. BAJO
GUARDO;-4.82722;42.70361;2014-01-31;2. ALTO;5. MUY BAJO;4. BAJO;5. MUY BAJO;5. MUY BAJO
GUARDO;-4.82722;42.70361;2014-02-01;4. BAJO;5. MUY BAJO;5. MUY BAJO;5. MUY BAJO;4. BAJO
GUARDO;-4.82722;42.70361;2014-02-02;1. MUY ALTO;5. MUY BAJO;5. MUY BAJO;4. BAJO;4. BAJO
GUARDO;-4.82722;42.70361;2014-02-03;1. MUY ALTO;5. MUY BAJO;5. MUY BAJO;5. MUY BAJO;4. BAJO
GUARDO;-4.82722;42.70361;2014-02-04;1. MUY ALTO;5. MUY BAJO;5. MUY BAJO;4. BAJO;4. BAJO
GUARDO;-4.82722;42.70361;2014-02-05;2. ALTO;5. MUY BAJO;5. MUY BAJO;5. MUY BAJO;4. BAJO
GUARDO;-4.82722;42.70361;2014-02-06;1. MUY ALTO;5. MUY BAJO;5. MUY BAJO;5. MUY BAJO;4. BAJO
GUARDO;-4.82722;42.70361;2014-02-07;1. MUY ALTO;5. MUY BAJO;5. MUY BAJO;5. MUY BAJO;4. BAJO
GUARDO;-4.82722;42.70361;2014-02-08;3. MEDIO;5. MUY BAJO;5. MUY BAJO;5. MUY BAJO;4. BAJO
GUARDO;-4.82722;42.70361;2014-02-09;1. MUY ALTO;5. MUY BAJO;5. MUY BAJO;5. MUY BAJO;4. BAJO
GUARDO;-4.82722;42.70361;2014-02-10;4. BAJO;5. MUY BAJO;5. MUY BAJO;5. MUY BAJO;4. BAJO
GUARDO;-4.82722;42.70361;2014-02-11;1. MUY ALTO;5. MUY BAJO;4. BAJO;4. BAJO;5. MUY BAJO
GUARDO;-4.82722;42.70361;2014-02-12;2. ALTO;5. MUY BAJO;5. MUY BAJO;5. MUY BAJO;5. MUY BAJO
GUARDO;-4.82722;42.70361;2014-02-13;2. ALTO;5. MUY BAJO;5. MUY BAJO;5. MUY BAJO;5. MUY BAJO
GUARDO;-4.82722;42.70361;2014-02-14;1. MUY ALTO;5. MUY BAJO;5. MUY BAJO;5. MUY BAJO;5. MUY BAJO
GUARDO;-4.82722;42.70361;2014-02-15;1. MUY ALTO;5. MUY BAJO;5. MUY BAJO;5. MUY BAJO;4. BAJO
GUARDO;-4.82722;42.70361;2014-02-16;2. ALTO;5. MUY BAJO;5. MUY BAJO;5. MUY BAJO;5. MUY BAJO
GUARDO;-4.82722;42.70361;2014-02-17;2. ALTO;5. MUY BAJO;5. MUY BAJO;4. BAJO;5. MUY BAJO
GUARDO;-4.82722;42.70361;2014-02-18;4. BAJO;5. MUY BAJO;5. MUY BAJO;5. MUY BAJO;4. BAJO
GUARDO;-4.82722;42.70361;2014-02-19;1. MUY ALTO;5. MUY BAJO;5. MUY BAJO;;5. MUY BAJO
GUARDO;-4.82722;42.70361;2014-02-20;3. MEDIO;5. MUY BAJO;5. MUY BAJO;4. BAJO;5. MUY BAJO
GUARDO;-4.82722;42.70361;2014-02-21;1. MUY ALTO;5. MUY BAJO;5. MUY BAJO;4. BAJO;4. BAJO
GUARDO;-4.82722;42.70361;2014-02-22;5. MUY BAJO;5. MUY BAJO;5. MUY BAJO;5. MUY BAJO;5. MUY BAJO
GUARDO;-4.82722;42.70361;2014-02-23;2. ALTO;5. MUY BAJO;5. MUY BAJO;4. BAJO;5. MUY BAJO
GUARDO;-4.82722;42.70361;2014-02-24;1. MUY ALTO;5. MUY BAJO;5. MUY BAJO;4. BAJO;5. MUY BAJO
GUARDO;-4.82722;42.70361;2014-02-25;2. ALTO;5. MUY BAJO;5. MUY BAJO;5. MUY BAJO;4. BAJO
GUARDO;-4.82722;42.70361;2014-02-26;5. MUY BAJO;5. MUY BAJO;5. MUY BAJO;5. MUY BAJO;4. BAJO
GUARDO;-4.82722;42.70361;2014-02-27;3. MEDIO;5. MUY BAJO;5. MUY BAJO;4. BAJO;4. BAJO
GUARDO;-4.82722;42.70361;2014-02-28;5. MUY BAJO;5. MUY BAJO;5. MUY BAJO;5. MUY BAJO;4. BAJO
GUARDO;-4.82722;42.70361;2014-03-01;1. MUY ALTO;5. MUY BAJO;5. MUY BAJO;5. MUY BAJO;5. MUY BAJO
GUARDO;-4.82722;42.70361;2014-03-02;3. MEDIO;5. MUY BAJO;5. MUY BAJO;5. MUY BAJO;5. MUY BAJO
GUARDO;-4.82722;42.70361;2014-03-03;5. MUY BAJO;5. MUY BAJO;5. MUY BAJO;5. MUY BAJO;4. BAJO
GUARDO;-4.82722;42.70361;2014-03-04;4. BAJO;5. MUY BAJO;5. MUY BAJO;5. MUY BAJO;4. BAJO
GUARDO;-4.82722;42.70361;2014-03-05;1. MUY ALTO;5. MUY BAJO;5. MUY BAJO;4. BAJO;5. MUY BAJO
GUARDO;-4.82722;42.70361;2014-03-06;3. MEDIO;5. MUY BAJO;5. MUY BAJO;4. BAJO;5. MUY BAJO
GUARDO;-4.82722;42.70361;2014-03-07;3. MEDIO;5. MUY BAJO;5. MUY BAJO;4. BAJO;4. BAJO
GUARDO;-4.82722;42.70361;2014-03-08;2. ALTO;5. MUY BAJO;5. MUY BAJO;4. BAJO;4. BAJO
GUARDO;-4.82722;42.70361;2014-03-09;3. MEDIO;5. MUY BAJO;5. MUY BAJO;4. BAJO;4. BAJO
GUARDO;-4.82722;42.70361;2014-03-10;3. MEDIO;5. MUY BAJO;5. MUY BAJO;4. BAJO;4. BAJO
GUARDO;-4.82722;42.70361;2014-03-11;1. MUY ALTO;5. MUY BAJO;5. MUY BAJO;4. BAJO;4. BAJO
GUARDO;-4.82722;42.70361;2014-03-12;2. ALTO;5. MUY BAJO;5. MUY BAJO;4. BAJO;4. BAJO
GUARDO;-4.82722;42.70361;2014-03-13;3. MEDIO;5. MUY BAJO;5. MUY BAJO;3. MEDIO;4. BAJO
GUARDO;-4.82722;42.70361;2014-03-14;3. MEDIO;5. MUY BAJO;5. MUY BAJO;3. MEDIO;4. BAJO
GUARDO;-4.82722;42.70361;2014-03-15;4. BAJO;5. MUY BAJO;5. MUY BAJO;3. MEDIO;4. BAJO
GUARDO;-4.82722;42.70361;2014-03-16;1. MUY ALTO;5. MUY BAJO;5. MUY BAJO;4. BAJO;4. BAJO
GUARDO;-4.82722;42.70361;2014-03-17;3. MEDIO;5. MUY BAJO;5. MUY BAJO;4. BAJO;4. BAJO
GUARDO;-4.82722;42.70361;2014-03-18;4. BAJO;5. MUY BAJO;5. MUY BAJO;2. ALTO;4. BAJO
GUARDO;-4.82722;42.70361;2014-03-19;2. ALTO;5. MUY BAJO;5. MUY BAJO;4. BAJO;4. BAJO
GUARDO;-4.82722;42.70361;2014-03-20;4. BAJO;5. MUY BAJO;5. MUY BAJO;3. MEDIO;4. BAJO
GUARDO;-4.82722;42.70361;2014-03-21;4. BAJO;5. MUY BAJO;5. MUY BAJO;4. BAJO;4. BAJO
GUARDO;-4.82722;42.70361;2014-03-22;4. BAJO;5. MUY BAJO;5. MUY BAJO;5. MUY BAJO;3. MEDIO
GUARDO;-4.82722;42.70361;2014-03-23;5. MUY BAJO;5. MUY BAJO;5. MUY BAJO;5. MUY BAJO;3. MEDIO
GUARDO;-4.82722;42.70361;2014-03-24;5. MUY BAJO;5. MUY BAJO;5. MUY BAJO;5. MUY BAJO;4. BAJO
GUARDO;-4.82722;42.70361;2014-03-25;5. MUY BAJO;5. MUY BAJO;5. MUY BAJO;5. MUY BAJO;3. MEDIO
GUARDO;-4.82722;42.70361;2014-03-26;5. MUY BAJO;5. MUY BAJO;5. MUY BAJO;5. MUY BAJO;3. MEDIO
GUARDO;-4.82722;42.70361;2014-03-27;1. MUY ALTO;5. MUY BAJO;5. MUY BAJO;4. BAJO;4. BAJO
GUARDO;-4.82722;42.70361;2014-03-28;1. MUY ALTO;5. MUY BAJO;5. MUY BAJO;4. BAJO;3. MEDIO
GUARDO;-4.82722;42.70361;2014-03-29;1. MUY ALTO;5. MUY BAJO;5. MUY BAJO;4. BAJO;3. MEDIO
GUARDO;-4.82722;42.70361;2014-03-30;1. MUY ALTO;5. MUY BAJO;5. MUY BAJO;4. BAJO;3. MEDIO
GUARDO;-4.82722;42.70361;2014-03-31;1. MUY ALTO;5. MUY BAJO;5. MUY BAJO;4. BAJO;3. MEDIO
GUARDO;-4.82722;42.70361;2014-04-01;1. MUY ALTO;5. MUY BAJO;5. MUY BAJO;4. BAJO;3. MEDIO
GUARDO;-4.82722;42.70361;2014-04-02;1. MUY ALTO;5. MUY BAJO;5. MUY BAJO;5. MUY BAJO;3. MEDIO
GUARDO;-4.82722;42.70361;2014-04-03;5. MUY BAJO;5. MUY BAJO;5. MUY BAJO;5. MUY BAJO;3. MEDIO
GUARDO;-4.82722;42.70361;2014-04-04;4. BAJO;5. MUY BAJO;5. MUY BAJO;5. MUY BAJO;4. BAJO
GUARDO;-4.82722;42.70361;2014-04-05;4. BAJO;5. MUY BAJO;5. MUY BAJO;5. MUY BAJO;4. BAJO
GUARDO;-4.82722;42.70361;2014-04-06;4. BAJO;5. MUY BAJO;5. MUY BAJO;5. MUY BAJO;4. BAJO
GUARDO;-4.82722;42.70361;2014-04-07;1. MUY ALTO;5. MUY BAJO;5. MUY BAJO;4. BAJO;4. BAJO
GUARDO;-4.82722;42.70361;2014-04-08;2. ALTO;5. MUY BAJO;5. MUY BAJO;4. BAJO;3. MEDIO
GUARDO;-4.82722;42.70361;2014-04-09;4. BAJO;5. MUY BAJO;5. MUY BAJO;4. BAJO;3. MEDIO
GUARDO;-4.82722;42.70361;2014-04-10;5. MUY BAJO;5. MUY BAJO;5. MUY BAJO;3. MEDIO;3. MEDIO
GUARDO;-4.82722;42.70361;2014-04-11;5. MUY BAJO;5. MUY BAJO;5. MUY BAJO;5. MUY BAJO;3. MEDIO
GUARDO;-4.82722;42.70361;2014-04-12;3. MEDIO;5. MUY BAJO;5. MUY BAJO;4. BAJO;3. MEDIO
GUARDO;-4.82722;42.70361;2014-04-13;3. MEDIO;5. MUY BAJO;5. MUY BAJO;4. BAJO;3. MEDIO
GUARDO;-4.82722;42.70361;2014-04-14;3. MEDIO;5. MUY BAJO;5. MUY BAJO;;3. MEDIO
GUARDO;-4.82722;42.70361;2014-04-15;5. MUY BAJO;5. MUY BAJO;5. MUY BAJO;5. MUY BAJO;3. MEDIO
GUARDO;-4.82722;42.70361;2014-04-16;5. MUY BAJO;5. MUY BAJO;5. MUY BAJO;5. MUY BAJO;3. MEDIO
GUARDO;-4.82722;42.70361;2014-04-17;5. MUY BAJO;5. MUY BAJO;5. MUY BAJO;5. MUY BAJO;3. MEDIO
GUARDO;-4.82722;42.70361;2014-04-18;4. BAJO;5. MUY BAJO;5. MUY BAJO;5. MUY BAJO;2. ALTO
GUARDO;-4.82722;42.70361;2014-04-19;4. BAJO;5. MUY BAJO;5. MUY BAJO;;3. MEDIO
GUARDO;-4.82722;42.70361;2014-04-20;5. MUY BAJO;5. MUY BAJO;5. MUY BAJO;;3. MEDIO
GUARDO;-4.82722;42.70361;2014-04-21;4. BAJO;5. MUY BAJO;5. MUY BAJO;;3. MEDIO
GUARDO;-4.82722;42.70361;2014-04-22;3. MEDIO;5. MUY BAJO;5. MUY BAJO;;3. MEDIO
GUARDO;-4.82722;42.70361;2014-04-23;2. ALTO;5. MUY BAJO;5. MUY BAJO;;3. MEDIO
GUARDO;-4.82722;42.70361;2014-04-24;3. MEDIO;5. MUY BAJO;5. MUY BAJO;;2. ALTO
GUARDO;-4.82722;42.70361;2014-04-25;4. BAJO;5. MUY BAJO;5. MUY BAJO;;2. ALTO
GUARDO;-4.82722;42.70361;2014-04-26;4. BAJO;5. MUY BAJO;5. MUY BAJO;;3. MEDIO
GUARDO;-4.82722;42.70361;2014-04-27;5. MUY BAJO;5. MUY BAJO;5. MUY BAJO;;3. MEDIO
GUARDO;-4.82722;42.70361;2014-04-28;2. ALTO;5. MUY BAJO;5. MUY BAJO;;4. BAJO
GUARDO;-4.82722;42.70361;2014-04-29;5. MUY BAJO;5. MUY BAJO;5. MUY BAJO;;3. MEDIO
GUARDO;-4.82722;42.70361;2014-04-30;4. BAJO;5. MUY BAJO;5. MUY BAJO;;3. MEDIO
GUARDO;-4.82722;42.70361;2014-05-01;5. MUY BAJO;5. MUY BAJO;5. MUY BAJO;5. MUY BAJO;3. MEDIO
GUARDO;-4.82722;42.70361;2014-05-02;5. MUY BAJO;5. MUY BAJO;5. MUY BAJO;5. MUY BAJO;3. MEDIO
GUARDO;-4.82722;42.70361;2014-05-03;4. BAJO;5. MUY BAJO;5. MUY BAJO;5. MUY BAJO;3. MEDIO
GUARDO;-4.82722;42.70361;2014-05-04;4. BAJO;5. MUY BAJO;5. MUY BAJO;5. MUY BAJO;3. MEDIO
GUARDO;-4.82722;42.70361;2014-05-05;4. BAJO;5. MUY BAJO;5. MUY BAJO;4. BAJO;3. MEDIO
GUARDO;-4.82722;42.70361;2014-05-06;3. MEDIO;5. MUY BAJO;5. MUY BAJO;4. BAJO;3. MEDIO
GUARDO;-4.82722;42.70361;2014-05-07;5. MUY BAJO;5. MUY BAJO;5. MUY BAJO;4. BAJO;3. MEDIO
GUARDO;-4.82722;42.70361;2014-05-08;5. MUY BAJO;5. MUY BAJO;5. MUY BAJO;4. BAJO;3. MEDIO
GUARDO;-4.82722;42.70361;2014-05-09;5. MUY BAJO;5. MUY BAJO;5. MUY BAJO;4. BAJO;4. BAJO
GUARDO;-4.82722;42.70361;2014-05-10;5. MUY BAJO;5. MUY BAJO;5. MUY BAJO;4. BAJO;3. MEDIO
GUARDO;-4.82722;42.70361;2014-05-11;5. MUY BAJO;5. MUY BAJO;5. MUY BAJO;5. MUY BAJO;3. MEDIO
GUARDO;-4.82722;42.70361;2014-05-12;5. MUY BAJO;5. MUY BAJO;5. MUY BAJO;4. BAJO;3. MEDIO
GUARDO;-4.82722;42.70361;2014-05-13;4. BAJO;5. MUY BAJO;5. MUY BAJO;5. MUY BAJO;3. MEDIO
GUARDO;-4.82722;42.70361;2014-05-14;4. BAJO;5. MUY BAJO;5. MUY BAJO;4. BAJO;3. MEDIO
GUARDO;-4.82722;42.70361;2014-05-15;4. BAJO;5. MUY BAJO;5. MUY BAJO;4. BAJO;2. ALTO
GUARDO;-4.82722;42.70361;2014-05-16;5. MUY BAJO;5. MUY BAJO;5. MUY BAJO;4. BAJO;2. ALTO
GUARDO;-4.82722;42.70361;2014-05-17;4. BAJO;5. MUY BAJO;5. MUY BAJO;4. BAJO;2. ALTO
GUARDO;-4.82722;42.70361;2014-05-18;5. MUY BAJO;5. MUY BAJO;5. MUY BAJO;4. BAJO;2. ALTO
GUARDO;-4.82722;42.70361;2014-05-19;4. BAJO;5. MUY BAJO;5. MUY BAJO;4. BAJO;2. ALTO
GUARDO;-4.82722;42.70361;2014-05-20;4. BAJO;5. MUY BAJO;5. MUY BAJO;5. MUY BAJO;3. MEDIO
GUARDO;-4.82722;42.70361;2014-05-21;4. BAJO;5. MUY BAJO;5. MUY BAJO;5. MUY BAJO;2. ALTO
GUARDO;-4.82722;42.70361;2014-05-22;4. BAJO;5. MUY BAJO;5. MUY BAJO;5. MUY BAJO;3. MEDIO
GUARDO;-4.82722;42.70361;2014-05-23;5. MUY BAJO;5. MUY BAJO;5. MUY BAJO;5. MUY BAJO;3. MEDIO
GUARDO;-4.82722;42.70361;2014-05-24;4. BAJO;5. MUY BAJO;5. MUY BAJO;5. MUY BAJO;3. MEDIO
GUARDO;-4.82722;42.70361;2014-05-25;4. BAJO;5. MUY BAJO;5. MUY BAJO;5. MUY BAJO;3. MEDIO
GUARDO;-4.82722;42.70361;2014-05-26;2. ALTO;5. MUY BAJO;5. MUY BAJO;5. MUY BAJO;3. MEDIO
GUARDO;-4.82722;42.70361;2014-05-27;3. MEDIO;5. MUY BAJO;5. MUY BAJO;4. BAJO;3. MEDIO
GUARDO;-4.82722;42.70361;2014-05-28;2. ALTO;5. MUY BAJO;4. BAJO;5. MUY BAJO;4. BAJO
GUARDO;-4.82722;42.70361;2014-05-29;5. MUY BAJO;5. MUY BAJO;5. MUY BAJO;5. MUY BAJO;4. BAJO
GUARDO;-4.82722;42.70361;2014-05-30;5. MUY BAJO;5. MUY BAJO;5. MUY BAJO;5. MUY BAJO;3. MEDIO
GUARDO;-4.82722;42.70361;2014-05-31;5. MUY BAJO;5. MUY BAJO;5. MUY BAJO;5. MUY BAJO;3. MEDIO
GUARDO;-4.82722;42.70361;2014-06-01;3. MEDIO;5. MUY BAJO;5. MUY BAJO;5. MUY BAJO;3. MEDIO
GUARDO;-4.82722;42.70361;2014-06-02;3. MEDIO;5. MUY BAJO;5. MUY BAJO;4. BAJO;3. MEDIO
GUARDO;-4.82722;42.70361;2014-06-03;4. BAJO;5. MUY BAJO;5. MUY BAJO;4. BAJO;3. MEDIO
GUARDO;-4.82722;42.70361;2014-06-04;4. BAJO;5. MUY BAJO;5. MUY BAJO;5. MUY BAJO;3. MEDIO
GUARDO;-4.82722;42.70361;2014-06-05;5. MUY BAJO;5. MUY BAJO;5. MUY BAJO;4. BAJO;3. MEDIO
GUARDO;-4.82722;42.70361;2014-06-06;5. MUY BAJO;5. MUY BAJO;5. MUY BAJO;4. BAJO;3. MEDIO
GUARDO;-4.82722;42.70361;2014-06-07;5. MUY BAJO;5. MUY BAJO;5. MUY BAJO;5. MUY BAJO;3. MEDIO
GUARDO;-4.82722;42.70361;2014-06-08;5. MUY BAJO;5. MUY BAJO;5. MUY BAJO;5. MUY BAJO;3. MEDIO
GUARDO;-4.82722;42.70361;2014-06-09;5. MUY BAJO;5. MUY BAJO;5. MUY BAJO;5. MUY BAJO;3. MEDIO
GUARDO;-4.82722;42.70361;2014-06-10;5. MUY BAJO;5. MUY BAJO;5. MUY BAJO;4. BAJO;3. MEDIO
GUARDO;-4.82722;42.70361;2014-06-11;5. MUY BAJO;5. MUY BAJO;5. MUY BAJO;4. BAJO;3. MEDIO
GUARDO;-4.82722;42.70361;2014-06-12;4. BAJO;5. MUY BAJO;5. MUY BAJO;4. BAJO;3. MEDIO
GUARDO;-4.82722;42.70361;2014-06-13;4. BAJO;5. MUY BAJO;5. MUY BAJO;4. BAJO;3. MEDIO
GUARDO;-4.82722;42.70361;2014-06-14;5. MUY BAJO;5. MUY BAJO;5. MUY BAJO;4. BAJO;3. MEDIO
GUARDO;-4.82722;42.70361;2014-06-15;5. MUY BAJO;5. MUY BAJO;5. MUY BAJO;4. BAJO;2. ALTO
GUARDO;-4.82722;42.70361;2014-06-16;5. MUY BAJO;5. MUY BAJO;5. MUY BAJO;4. BAJO;2. ALTO
GUARDO;-4.82722;42.70361;2014-06-17;5. MUY BAJO;5. MUY BAJO;5. MUY BAJO;4. BAJO;2. ALTO
GUARDO;-4.82722;42.70361;2014-06-18;4. BAJO;5. MUY BAJO;5. MUY BAJO;4. BAJO;3. MEDIO
GUARDO;-4.82722;42.70361;2014-06-19;4. BAJO;5. MUY BAJO;5. MUY BAJO;4. BAJO;2. ALTO
GUARDO;-4.82722;42.70361;2014-06-20;5. MUY BAJO;5. MUY BAJO;5. MUY BAJO;2. ALTO;2. ALTO
GUARDO;-4.82722;42.70361;2014-06-21;5. MUY BAJO;5. MUY BAJO;5. MUY BAJO;4. BAJO;3. MEDIO
GUARDO;-4.82722;42.70361;2014-06-22;5. MUY BAJO;5. MUY BAJO;5. MUY BAJO;4. BAJO;3. MEDIO
GUARDO;-4.82722;42.70361;2014-06-23;4. BAJO;5. MUY BAJO;5. MUY BAJO;4. BAJO;3. MEDIO
GUARDO;-4.82722;42.70361;2014-06-24;5. MUY BAJO;5. MUY BAJO;5. MUY BAJO;4. BAJO;3. MEDIO
GUARDO;-4.82722;42.70361;2014-06-25;5. MUY BAJO;5. MUY BAJO;5. MUY BAJO;4. BAJO;3. MEDIO
GUARDO;-4.82722;42.70361;2014-06-26;5. MUY BAJO;5. MUY BAJO;5. MUY BAJO;4. BAJO;3. MEDIO
GUARDO;-4.82722;42.70361;2014-06-27;5. MUY BAJO;5. MUY BAJO;5. MUY BAJO;4. BAJO;3. MEDIO
GUARDO;-4.82722;42.70361;2014-06-28;5. MUY BAJO;5. MUY BAJO;5. MUY BAJO;5. MUY BAJO;4. BAJO
GUARDO;-4.82722;42.70361;2014-06-29;5. MUY BAJO;5. MUY BAJO;5. MUY BAJO;5. MUY BAJO;4. BAJO
GUARDO;-4.82722;42.70361;2014-06-30;5. MUY BAJO;5. MUY BAJO;5. MUY BAJO;4. BAJO;4. BAJO
GUARDO;-4.82722;42.70361;2014-07-01;5. MUY BAJO;5. MUY BAJO;5. MUY BAJO;5. MUY BAJO;4. BAJO
GUARDO;-4.82722;42.70361;2014-07-02;5. MUY BAJO;5. MUY BAJO;5. MUY BAJO;5. MUY BAJO;3. MEDIO
GUARDO;-4.82722;42.70361;2014-07-03;5. MUY BAJO;5. MUY BAJO;5. MUY BAJO;5. MUY BAJO;3. MEDIO
GUARDO;-4.82722;42.70361;2014-07-04;5. MUY BAJO;5. MUY BAJO;5. MUY BAJO;5. MUY BAJO;3. MEDIO
GUARDO;-4.82722;42.70361;2014-07-05;5. MUY BAJO;5. MUY BAJO;5. MUY BAJO;5. MUY BAJO;5. MUY BAJO
GUARDO;-4.82722;42.70361;2014-07-06;5. MUY BAJO;5. MUY BAJO;5. MUY BAJO;5. MUY BAJO;5. MUY BAJO
GUARDO;-4.82722;42.70361;2014-07-07;5. MUY BAJO;5. MUY BAJO;5. MUY BAJO;5. MUY BAJO;4. BAJO
GUARDO;-4.82722;42.70361;2014-07-08;5. MUY BAJO;5. MUY BAJO;5. MUY BAJO;5. MUY BAJO;4. BAJO
GUARDO;-4.82722;42.70361;2014-07-09;5. MUY BAJO;5. MUY BAJO;5. MUY BAJO;5. MUY BAJO;3. MEDIO
GUARDO;-4.82722;42.70361;2014-07-10;5. MUY BAJO;5. MUY BAJO;5. MUY BAJO;5. MUY BAJO;4. BAJO
GUARDO;-4.82722;42.70361;2014-07-11;5. MUY BAJO;5. MUY BAJO;5. MUY BAJO;5. MUY BAJO;4. BAJO
GUARDO;-4.82722;42.70361;2014-07-12;5. MUY BAJO;5. MUY BAJO;5. MUY BAJO;5. MUY BAJO;4. BAJO
GUARDO;-4.82722;42.70361;2014-07-13;5. MUY BAJO;5. MUY BAJO;5. MUY BAJO;5. MUY BAJO;4. BAJO
GUARDO;-4.82722;42.70361;2014-07-14;5. MUY BAJO;5. MUY BAJO;5. MUY BAJO;4. BAJO;4. BAJO
GUARDO;-4.82722;42.70361;2014-07-15;5. MUY BAJO;5. MUY BAJO;5. MUY BAJO;4. BAJO;3. MEDIO
GUARDO;-4.82722;42.70361;2014-07-16;5. MUY BAJO;5. MUY BAJO;5. MUY BAJO;4. BAJO;2. ALTO
GUARDO;-4.82722;42.70361;2014-07-17;5. MUY BAJO;5. MUY BAJO;5. MUY BAJO;2. ALTO;2. ALTO
GUARDO;-4.82722;42.70361;2014-07-18;5. MUY BAJO;5. MUY BAJO;5. MUY BAJO;1. MUY ALTO;3. MEDIO
GUARDO;-4.82722;42.70361;2014-07-19;5. MUY BAJO;5. MUY BAJO;5. MUY BAJO;5. MUY BAJO;4. BAJO
GUARDO;-4.82722;42.70361;2014-07-20;5. MUY BAJO;5. MUY BAJO;5. MUY BAJO;5. MUY BAJO;
GUARDO;-4.82722;42.70361;2014-07-21;5. MUY BAJO;5. MUY BAJO;5. MUY BAJO;5. MUY BAJO;
GUARDO;-4.82722;42.70361;2014-07-22;5. MUY BAJO;5. MUY BAJO;5. MUY BAJO;4. BAJO;4. BAJO
GUARDO;-4.82722;42.70361;2014-07-23;5. MUY BAJO;5. MUY BAJO;5. MUY BAJO;4. BAJO;3. MEDIO
GUARDO;-4.82722;42.70361;2014-07-24;5. MUY BAJO;5. MUY BAJO;5. MUY BAJO;4. BAJO;2. ALTO
GUARDO;-4.82722;42.70361;2014-07-25;5. MUY BAJO;5. MUY BAJO;5. MUY BAJO;4. BAJO;2. ALTO
GUARDO;-4.82722;42.70361;2014-07-26;5. MUY BAJO;5. MUY BAJO;5. MUY BAJO;4. BAJO;2. ALTO
GUARDO;-4.82722;42.70361;2014-07-27;5. MUY BAJO;5. MUY BAJO;5. MUY BAJO;4. BAJO;2. ALTO
GUARDO;-4.82722;42.70361;2014-07-28;4. BAJO;5. MUY BAJO;4. BAJO;4. BAJO;3. MEDIO
GUARDO;-4.82722;42.70361;2014-07-29;5. MUY BAJO;5. MUY BAJO;5. MUY BAJO;4. BAJO;3. MEDIO
GUARDO;-4.82722;42.70361;2014-07-30;5. MUY BAJO;5. MUY BAJO;5. MUY BAJO;4. BAJO;3. MEDIO
GUARDO;-4.82722;42.70361;2014-07-31;5. MUY BAJO;5. MUY BAJO;5. MUY BAJO;4. BAJO;3. MEDIO
GUARDO;-4.82722;42.70361;2014-08-01;5. MUY BAJO;5. MUY BAJO;5. MUY BAJO;4. BAJO;4. BAJO
GUARDO;-4.82722;42.70361;2014-08-02;5. MUY BAJO;5. MUY BAJO;5. MUY BAJO;5. MUY BAJO;4. BAJO
GUARDO;-4.82722;42.70361;2014-08-03;5. MUY BAJO;5. MUY BAJO;5. MUY BAJO;5. MUY BAJO;4. BAJO
GUARDO;-4.82722;42.70361;2014-08-04;5. MUY BAJO;5. MUY BAJO;5. MUY BAJO;5. MUY BAJO;4. BAJO
GUARDO;-4.82722;42.70361;2014-08-05;5. MUY BAJO;5. MUY BAJO;5. MUY BAJO;4. BAJO;3. MEDIO
GUARDO;-4.82722;42.70361;2014-08-06;5. MUY BAJO;5. MUY BAJO;5. MUY BAJO;4. BAJO;4. BAJO
GUARDO;-4.82722;42.70361;2014-08-07;5. MUY BAJO;5. MUY BAJO;5. MUY BAJO;4. BAJO;4. BAJO
GUARDO;-4.82722;42.70361;2014-08-08;5. MUY BAJO;5. MUY BAJO;5. MUY BAJO;4. BAJO;4. BAJO
GUARDO;-4.82722;42.70361;2014-08-09;5. MUY BAJO;5. MUY BAJO;5. MUY BAJO;5. MUY BAJO;4. BAJO
GUARDO;-4.82722;42.70361;2014-08-10;5. MUY BAJO;5. MUY BAJO;5. MUY BAJO;5. MUY BAJO;4. BAJO
GUARDO;-4.82722;42.70361;2014-08-11;5. MUY BAJO;5. MUY BAJO;5. MUY BAJO;5. MUY BAJO;4. BAJO
GUARDO;-4.82722;42.70361;2014-08-12;5. MUY BAJO;5. MUY BAJO;5. MUY BAJO;5. MUY BAJO;4. BAJO
GUARDO;-4.82722;42.70361;2014-08-13;5. MUY BAJO;5. MUY BAJO;5. MUY BAJO;5. MUY BAJO;3. MEDIO
GUARDO;-4.82722;42.70361;2014-08-14;5. MUY BAJO;5. MUY BAJO;5. MUY BAJO;5. MUY BAJO;3. MEDIO
GUARDO;-4.82722;42.70361;2014-08-15;5. MUY BAJO;5. MUY BAJO;5. MUY BAJO;4. BAJO;3. MEDIO
GUARDO;-4.82722;42.70361;2014-08-16;5. MUY BAJO;5. MUY BAJO;5. MUY BAJO;5. MUY BAJO;3. MEDIO
GUARDO;-4.82722;42.70361;2014-08-17;5. MUY BAJO;5. MUY BAJO;5. MUY BAJO;5. MUY BAJO;3. MEDIO
GUARDO;-4.82722;42.70361;2014-08-18;5. MUY BAJO;5. MUY BAJO;5. MUY BAJO;4. BAJO;3. MEDIO
GUARDO;-4.82722;42.70361;2014-08-19;5. MUY BAJO;5. MUY BAJO;5. MUY BAJO;4. BAJO;3. MEDIO
GUARDO;-4.82722;42.70361;2014-08-20;5. MUY BAJO;5. MUY BAJO;5. MUY BAJO;5. MUY BAJO;4. BAJO
GUARDO;-4.82722;42.70361;2014-08-21;5. MUY BAJO;5. MUY BAJO;5. MUY BAJO;5. MUY BAJO;4. BAJO
GUARDO;-4.82722;42.70361;2014-08-22;5. MUY BAJO;5. MUY BAJO;5. MUY BAJO;4. BAJO;4. BAJO
GUARDO;-4.82722;42.70361;2014-08-23;5. MUY BAJO;5. MUY BAJO;5. MUY BAJO;5. MUY BAJO;4. BAJO
GUARDO;-4.82722;42.70361;2014-08-24;5. MUY BAJO;5. MUY BAJO;5. MUY BAJO;5. MUY BAJO;3. MEDIO
GUARDO;-4.82722;42.70361;2014-08-25;5. MUY BAJO;5. MUY BAJO;5. MUY BAJO;4. BAJO;3. MEDIO
GUARDO;-4.82722;42.70361;2014-08-26;5. MUY BAJO;5. MUY BAJO;5. MUY BAJO;4. BAJO;5. MUY BAJO
GUARDO;-4.82722;42.70361;2014-08-27;5. MUY BAJO;5. MUY BAJO;5. MUY BAJO;4. BAJO;4. BAJO
GUARDO;-4.82722;42.70361;2014-08-28;5. MUY BAJO;5. MUY BAJO;5. MUY BAJO;5. MUY BAJO;4. BAJO
GUARDO;-4.82722;42.70361;2014-08-29;5. MUY BAJO;5. MUY BAJO;5. MUY BAJO;5. MUY BAJO;4. BAJO
GUARDO;-4.82722;42.70361;2014-08-30;5. MUY BAJO;5. MUY BAJO;5. MUY BAJO;4. BAJO;3. MEDIO
GUARDO;-4.82722;42.70361;2014-08-31;5. MUY BAJO;5. MUY BAJO;5. MUY BAJO;5. MUY BAJO;3. MEDIO
GUARDO;-4.82722;42.70361;2014-09-01;5. MUY BAJO;5. MUY BAJO;5. MUY BAJO;5. MUY BAJO;3. MEDIO
GUARDO;-4.82722;42.70361;2014-09-02;5. MUY BAJO;5. MUY BAJO;5. MUY BAJO;4. BAJO;2. ALTO
GUARDO;-4.82722;42.70361;2014-09-03;5. MUY BAJO;5. MUY BAJO;5. MUY BAJO;3. MEDIO;3. MEDIO
GUARDO;-4.82722;42.70361;2014-09-04;5. MUY BAJO;5. MUY BAJO;5. MUY BAJO;4. BAJO;3. MEDIO
GUARDO;-4.82722;42.70361;2014-09-05;5. MUY BAJO;5. MUY BAJO;5. MUY BAJO;4. BAJO;3. MEDIO
GUARDO;-4.82722;42.70361;2014-09-06;5. MUY BAJO;5. MUY BAJO;5. MUY BAJO;4. BAJO;4. BAJO
GUARDO;-4.82722;42.70361;2014-09-07;5. MUY BAJO;5. MUY BAJO;5. MUY BAJO;5. MUY BAJO;4. BAJO
GUARDO;-4.82722;42.70361;2014-09-08;5. MUY BAJO;5. MUY BAJO;5. MUY BAJO;5. MUY BAJO;4. BAJO
GUARDO;-4.82722;42.70361;2014-09-09;5. MUY BAJO;5. MUY BAJO;5. MUY BAJO;5. MUY BAJO;3. MEDIO
GUARDO;-4.82722;42.70361;2014-09-10;5. MUY BAJO;5. MUY BAJO;5. MUY BAJO;4. BAJO;3. MEDIO
GUARDO;-4.82722;42.70361;2014-09-11;5. MUY BAJO;5. MUY BAJO;5. MUY BAJO;4. BAJO;3. MEDIO
GUARDO;-4.82722;42.70361;2014-09-12;5. MUY BAJO;5. MUY BAJO;5. MUY BAJO;4. BAJO;3. MEDIO
GUARDO;-4.82722;42.70361;2014-09-13;5. MUY BAJO;5. MUY BAJO;5. MUY BAJO;5. MUY BAJO;4. BAJO
GUARDO;-4.82722;42.70361;2014-09-14;5. MUY BAJO;5. MUY BAJO;5. MUY BAJO;5. MUY BAJO;4. BAJO
GUARDO;-4.82722;42.70361;2014-09-15;5. MUY BAJO;5. MUY BAJO;5. MUY BAJO;5. MUY BAJO;4. BAJO
GUARDO;-4.82722;42.70361;2014-09-16;5. MUY BAJO;5. MUY BAJO;5. MUY BAJO;5. MUY BAJO;3. MEDIO
GUARDO;-4.82722;42.70361;2014-09-17;5. MUY BAJO;5. MUY BAJO;5. MUY BAJO;5. MUY BAJO;4. BAJO
GUARDO;-4.82722;42.70361;2014-09-18;5. MUY BAJO;5. MUY BAJO;5. MUY BAJO;5. MUY BAJO;4. BAJO
GUARDO;-4.82722;42.70361;2014-09-19;5. MUY BAJO;5. MUY BAJO;5. MUY BAJO;5. MUY BAJO;4. BAJO
GUARDO;-4.82722;42.70361;2014-09-20;5. MUY BAJO;5. MUY BAJO;5. MUY BAJO;5. MUY BAJO;4. BAJO
GUARDO;-4.82722;42.70361;2014-09-21;5. MUY BAJO;5. MUY BAJO;5. MUY BAJO;5. MUY BAJO;4. BAJO
GUARDO;-4.82722;42.70361;2014-09-22;5. MUY BAJO;5. MUY BAJO;5. MUY BAJO;5. MUY BAJO;3. MEDIO
GUARDO;-4.82722;42.70361;2014-09-23;5. MUY BAJO;5. MUY BAJO;5. MUY BAJO;4. BAJO;4. BAJO
GUARDO;-4.82722;42.70361;2014-09-24;4. BAJO;5. MUY BAJO;5. MUY BAJO;3. MEDIO;4. BAJO
GUARDO;-4.82722;42.70361;2014-09-25;5. MUY BAJO;5. MUY BAJO;5. MUY BAJO;4. BAJO;4. BAJO
GUARDO;-4.82722;42.70361;2014-09-26;3. MEDIO;5. MUY BAJO;4. BAJO;4. BAJO;4. BAJO
GUARDO;-4.82722;42.70361;2014-09-27;5. MUY BAJO;5. MUY BAJO;5. MUY BAJO;4. BAJO;3. MEDIO
GUARDO;-4.82722;42.70361;2014-09-28;5. MUY BAJO;5. MUY BAJO;5. MUY BAJO;4. BAJO;4. BAJO
GUARDO;-4.82722;42.70361;2014-09-29;5. MUY BAJO;5. MUY BAJO;5. MUY BAJO;4. BAJO;4. BAJO
GUARDO;-4.82722;42.70361;2014-09-30;4. BAJO;5. MUY BAJO;5. MUY BAJO;4. BAJO;4. BAJO
GUARDO;-4.82722;42.70361;2014-10-01;5. MUY BAJO;5. MUY BAJO;5. MUY BAJO;4. BAJO;4. BAJO
GUARDO;-4.82722;42.70361;2014-10-02;4. BAJO;5. MUY BAJO;5. MUY BAJO;4. BAJO;4. BAJO
GUARDO;-4.82722;42.70361;2014-10-03;;5. MUY BAJO;5. MUY BAJO;4. BAJO;4. BAJO
GUARDO;-4.82722;42.70361;2014-10-04;;5. MUY BAJO;5. MUY BAJO;4. BAJO;4. BAJO
GUARDO;-4.82722;42.70361;2014-10-05;;5. MUY BAJO;5. MUY BAJO;5. MUY BAJO;3. MEDIO
GUARDO;-4.82722;42.70361;2014-10-06;;5. MUY BAJO;5. MUY BAJO;5. MUY BAJO;4. BAJO
GUARDO;-4.82722;42.70361;2014-10-07;4. BAJO;5. MUY BAJO;5. MUY BAJO;5. MUY BAJO;4. BAJO
GUARDO;-4.82722;42.70361;2014-10-08;4. BAJO;5. MUY BAJO;5. MUY BAJO;5. MUY BAJO;5. MUY BAJO
GUARDO;-4.82722;42.70361;2014-10-09;5. MUY BAJO;5. MUY BAJO;5. MUY BAJO;5. MUY BAJO;4. BAJO
GUARDO;-4.82722;42.70361;2014-10-10;5. MUY BAJO;5. MUY BAJO;5. MUY BAJO;4. BAJO;5. MUY BAJO
GUARDO;-4.82722;42.70361;2014-10-11;4. BAJO;5. MUY BAJO;5. MUY BAJO;4. BAJO;5. MUY BAJO
GUARDO;-4.82722;42.70361;2014-10-12;4. BAJO;5. MUY BAJO;5. MUY BAJO;5. MUY BAJO;3. MEDIO
GUARDO;-4.82722;42.70361;2014-10-13;4. BAJO;5. MUY BAJO;5. MUY BAJO;5. MUY BAJO;4. BAJO
GUARDO;-4.82722;42.70361;2014-10-14;4. BAJO;5. MUY BAJO;5. MUY BAJO;5. MUY BAJO;4. BAJO
GUARDO;-4.82722;42.70361;2014-10-15;3. MEDIO;5. MUY BAJO;5. MUY BAJO;5. MUY BAJO;4. BAJO
GUARDO;-4.82722;42.70361;2014-10-16;3. MEDIO;5. MUY BAJO;5. MUY BAJO;5. MUY BAJO;4. BAJO
GUARDO;-4.82722;42.70361;2014-10-17;3. MEDIO;5. MUY BAJO;5. MUY BAJO;5. MUY BAJO;4. BAJO
GUARDO;-4.82722;42.70361;2014-10-18;4. BAJO;5. MUY BAJO;5. MUY BAJO;4. BAJO;4. BAJO
GUARDO;-4.82722;42.70361;2014-10-19;5. MUY BAJO;5. MUY BAJO;5. MUY BAJO;3. MEDIO;4. BAJO
GUARDO;-4.82722;42.70361;2014-10-20;5. MUY BAJO;5. MUY BAJO;5. MUY BAJO;2. ALTO;5. MUY BAJO
GUARDO;-4.82722;42.70361;2014-10-21;5. MUY BAJO;5. MUY BAJO;5. MUY BAJO;1. MUY ALTO;5. MUY BAJO
GUARDO;-4.82722;42.70361;2014-10-22;4. BAJO;5. MUY BAJO;4. BAJO;4. BAJO;4. BAJO
GUARDO;-4.82722;42.70361;2014-10-23;5. MUY BAJO;5. MUY BAJO;5. MUY BAJO;4. BAJO;5. MUY BAJO
GUARDO;-4.82722;42.70361;2014-10-24;5. MUY BAJO;5. MUY BAJO;5. MUY BAJO;3. MEDIO;5. MUY BAJO
GUARDO;-4.82722;42.70361;2014-10-25;5. MUY BAJO;5. MUY BAJO;5. MUY BAJO;4. BAJO;5. MUY BAJO
GUARDO;-4.82722;42.70361;2014-10-26;4. BAJO;5. MUY BAJO;5. MUY BAJO;3. MEDIO;5. MUY BAJO
GUARDO;-4.82722;42.70361;2014-10-27;5. MUY BAJO;5. MUY BAJO;5. MUY BAJO;3. MEDIO;5. MUY BAJO
GUARDO;-4.82722;42.70361;2014-10-28;5. MUY BAJO;5. MUY BAJO;4. BAJO;3. MEDIO;4. BAJO
GUARDO;-4.82722;42.70361;2014-10-29;5. MUY BAJO;5. MUY BAJO;5. MUY BAJO;3. MEDIO;4. BAJO
GUARDO;-4.82722;42.70361;2014-10-30;5. MUY BAJO;5. MUY BAJO;4. BAJO;3. MEDIO;4. BAJO
GUARDO;-4.82722;42.70361;2014-10-31;4. BAJO;5. MUY BAJO;4. BAJO;3. MEDIO;5. MUY BAJO
GUARDO;-4.82722;42.70361;2014-11-01;4. BAJO;5. MUY BAJO;5. MUY BAJO;3. MEDIO;5. MUY BAJO
GUARDO;-4.82722;42.70361;2014-11-02;4. BAJO;5. MUY BAJO;5. MUY BAJO;4. BAJO;5. MUY BAJO
GUARDO;-4.82722;42.70361;2014-11-03;4. BAJO;5. MUY BAJO;5. MUY BAJO;5. MUY BAJO;4. BAJO
GUARDO;-4.82722;42.70361;2014-11-04;4. BAJO;5. MUY BAJO;5. MUY BAJO;5. MUY BAJO;4. BAJO
GUARDO;-4.82722;42.70361;2014-11-05;5. MUY BAJO;5. MUY BAJO;5. MUY BAJO;5. MUY BAJO;4. BAJO
GUARDO;-4.82722;42.70361;2014-11-06;1. MUY ALTO;5. MUY BAJO;5. MUY BAJO;4. BAJO;4. BAJO
GUARDO;-4.82722;42.70361;2014-11-07;4. BAJO;5. MUY BAJO;5. MUY BAJO;5. MUY BAJO;4. BAJO
GUARDO;-4.82722;42.70361;2014-11-08;3. MEDIO;5. MUY BAJO;5. MUY BAJO;4. BAJO;4. BAJO
GUARDO;-4.82722;42.70361;2014-11-09;5. MUY BAJO;5. MUY BAJO;5. MUY BAJO;5. MUY BAJO;4. BAJO
GUARDO;-4.82722;42.70361;2014-11-10;2. ALTO;5. MUY BAJO;5. MUY BAJO;5. MUY BAJO;4. BAJO
GUARDO;-4.82722;42.70361;2014-11-11;1. MUY ALTO;5. MUY BAJO;5. MUY BAJO;5. MUY BAJO;4. BAJO
GUARDO;-4.82722;42.70361;2014-11-12;2. ALTO;5. MUY BAJO;5. MUY BAJO;5. MUY BAJO;4. BAJO
GUARDO;-4.82722;42.70361;2014-11-13;2. ALTO;5. MUY BAJO;5. MUY BAJO;5. MUY BAJO;4. BAJO
GUARDO;-4.82722;42.70361;2014-11-14;2. ALTO;5. MUY BAJO;5. MUY BAJO;5. MUY BAJO;3. MEDIO
GUARDO;-4.82722;42.70361;2014-11-15;4. BAJO;5. MUY BAJO;5. MUY BAJO;5. MUY BAJO;4. BAJO
GUARDO;-4.82722;42.70361;2014-11-16;4. BAJO;5. MUY BAJO;5. MUY BAJO;5. MUY BAJO;3. MEDIO
GUARDO;-4.82722;42.70361;2014-11-17;4. BAJO;5. MUY BAJO;4. BAJO;5. MUY BAJO;5. MUY BAJO
GUARDO;-4.82722;42.70361;2014-11-18;3. MEDIO;5. MUY BAJO;5. MUY BAJO;4. BAJO;5. MUY BAJO
GUARDO;-4.82722;42.70361;2014-11-19;1. MUY ALTO;5. MUY BAJO;4. BAJO;4. BAJO;5. MUY BAJO
GUARDO;-4.82722;42.70361;2014-11-20;1. MUY ALTO;5. MUY BAJO;4. BAJO;4. BAJO;5. MUY BAJO
GUARDO;-4.82722;42.70361;2014-11-21;2. ALTO;5. MUY BAJO;4. BAJO;3. MEDIO;5. MUY BAJO
GUARDO;-4.82722;42.70361;2014-11-22;2. ALTO;5. MUY BAJO;5. MUY BAJO;2. ALTO;5. MUY BAJO
GUARDO;-4.82722;42.70361;2014-11-23;1. MUY ALTO;5. MUY BAJO;5. MUY BAJO;1. MUY ALTO;5. MUY BAJO
GUARDO;-4.82722;42.70361;2014-11-24;4. BAJO;5. MUY BAJO;5. MUY BAJO;4. BAJO;5. MUY BAJO
GUARDO;-4.82722;42.70361;2014-11-25;5. MUY BAJO;5. MUY BAJO;5. MUY BAJO;4. BAJO;5. MUY BAJO
GUARDO;-4.82722;42.70361;2014-11-26;2. ALTO;5. MUY BAJO;5. MUY BAJO;3. MEDIO;5. MUY BAJO
GUARDO;-4.82722;42.70361;2014-11-27;2. ALTO;5. MUY BAJO;5. MUY BAJO;4. BAJO;5. MUY BAJO
GUARDO;-4.82722;42.70361;2014-11-28;1. MUY ALTO;5. MUY BAJO;5. MUY BAJO;5. MUY BAJO;4. BAJO
GUARDO;-4.82722;42.70361;2014-11-29;3. MEDIO;5. MUY BAJO;5. MUY BAJO;5. MUY BAJO;4. BAJO
GUARDO;-4.82722;42.70361;2014-11-30;3. MEDIO;5. MUY BAJO;5. MUY BAJO;5. MUY BAJO;3. MEDIO
GUARDO;-4.82722;42.70361;2014-12-01;2. ALTO;5. MUY BAJO;5. MUY BAJO;4. BAJO;3. MEDIO
GUARDO;-4.82722;42.70361;2014-12-02;1. MUY ALTO;5. MUY BAJO;5. MUY BAJO;4. BAJO;4. BAJO
GUARDO;-4.82722;42.70361;2014-12-03;2. ALTO;5. MUY BAJO;4. BAJO;4. BAJO;5. MUY BAJO
GUARDO;-4.82722;42.70361;2014-12-04;3. MEDIO;5. MUY BAJO;5. MUY BAJO;4. BAJO;5. MUY BAJO
GUARDO;-4.82722;42.70361;2014-12-05;5. MUY BAJO;5. MUY BAJO;5. MUY BAJO;5. MUY BAJO;4. BAJO
GUARDO;-4.82722;42.70361;2014-12-06;4. BAJO;5. MUY BAJO;5. MUY BAJO;5. MUY BAJO;3. MEDIO
GUARDO;-4.82722;42.70361;2014-12-07;1. MUY ALTO;5. MUY BAJO;5. MUY BAJO;4. BAJO;4. BAJO
GUARDO;-4.82722;42.70361;2014-12-08;4. BAJO;5. MUY BAJO;5. MUY BAJO;5. MUY BAJO;4. BAJO
GUARDO;-4.82722;42.70361;2014-12-09;1. MUY ALTO;5. MUY BAJO;4. BAJO;4. BAJO;4. BAJO
GUARDO;-4.82722;42.70361;2014-12-10;1. MUY ALTO;5. MUY BAJO;3. MEDIO;4. BAJO;5. MUY BAJO
GUARDO;-4.82722;42.70361;2014-12-11;1. MUY ALTO;5. MUY BAJO;4. BAJO;4. BAJO;5. MUY BAJO
GUARDO;-4.82722;42.70361;2014-12-12;1. MUY ALTO;5. MUY BAJO;5. MUY BAJO;4. BAJO;5. MUY BAJO
GUARDO;-4.82722;42.70361;2014-12-13;1. MUY ALTO;5. MUY BAJO;5. MUY BAJO;5. MUY BAJO;4. BAJO
GUARDO;-4.82722;42.70361;2014-12-14;5. MUY BAJO;5. MUY BAJO;5. MUY BAJO;5. MUY BAJO;4. BAJO
GUARDO;-4.82722;42.70361;2014-12-15;2. ALTO;5. MUY BAJO;4. BAJO;5. MUY BAJO;4. BAJO
GUARDO;-4.82722;42.70361;2014-12-16;5. MUY BAJO;5. MUY BAJO;5. MUY BAJO;5. MUY BAJO;3. MEDIO
GUARDO;-4.82722;42.70361;2014-12-17;2. ALTO;5. MUY BAJO;4. BAJO;4. BAJO;4. BAJO
GUARDO;-4.82722;42.70361;2014-12-18;2. ALTO;5. MUY BAJO;5. MUY BAJO;4. BAJO;5. MUY BAJO
GUARDO;-4.82722;42.70361;2014-12-19;1. MUY ALTO;5. MUY BAJO;4. BAJO;4. BAJO;5. MUY BAJO
GUARDO;-4.82722;42.70361;2014-12-20;1. MUY ALTO;5. MUY BAJO;4. BAJO;4. BAJO;5. MUY BAJO
GUARDO;-4.82722;42.70361;2014-12-21;3. MEDIO;5. MUY BAJO;5. MUY BAJO;5. MUY BAJO;4. BAJO
GUARDO;-4.82722;42.70361;2014-12-22;3. MEDIO;5. MUY BAJO;5. MUY BAJO;4. BAJO;4. BAJO
GUARDO;-4.82722;42.70361;2014-12-23;4. BAJO;5. MUY BAJO;4. BAJO;4. BAJO;4. BAJO
GUARDO;-4.82722;42.70361;2014-12-24;3. MEDIO;5. MUY BAJO;5. MUY BAJO;4. BAJO;5. MUY BAJO
GUARDO;-4.82722;42.70361;2014-12-25;3. MEDIO;5. MUY BAJO;5. MUY BAJO;4. BAJO;5. MUY BAJO
GUARDO;-4.82722;42.70361;2014-12-26;1. MUY ALTO;5. MUY BAJO;4. BAJO;4. BAJO;5. MUY BAJO
GUARDO;-4.82722;42.70361;2014-12-27;2. ALTO;5. MUY BAJO;5. MUY BAJO;3. MEDIO;4. BAJO
GUARDO;-4.82722;42.70361;2014-12-28;4. BAJO;5. MUY BAJO;5. MUY BAJO;5. MUY BAJO;3. MEDIO
GUARDO;-4.82722;42.70361;2014-12-29;1. MUY ALTO;5. MUY BAJO;3. MEDIO;3. MEDIO;4. BAJO
GUARDO;-4.82722;42.70361;2014-12-30;1. MUY ALTO;5. MUY BAJO;4. BAJO;4. BAJO;4. BAJO
GUARDO;-4.82722;42.70361;2014-12-31;3. MEDIO;5. MUY BAJO;5. MUY BAJO;4. BAJO;4. BAJO
GUARDO;-4.82722;42.70361;2015-01-01;4. BAJO;5. MUY BAJO;5. MUY BAJO;5. MUY BAJO;4. BAJO
GUARDO;-4.82722;42.70361;2015-01-02;3. MEDIO;5. MUY BAJO;4. BAJO;4. BAJO;4. BAJO
GUARDO;-4.82722;42.70361;2015-01-03;2. ALTO;5. MUY BAJO;5. MUY BAJO;4. BAJO;5. MUY BAJO
GUARDO;-4.82722;42.70361;2015-01-04;2. ALTO;5. MUY BAJO;5. MUY BAJO;4. BAJO;5. MUY BAJO
GUARDO;-4.82722;42.70361;2015-01-05;3. MEDIO;5. MUY BAJO;4. BAJO;4. BAJO;5. MUY BAJO
GUARDO;-4.82722;42.70361;2015-01-06;3. MEDIO;5. MUY BAJO;5. MUY BAJO;4. BAJO;5. MUY BAJO
GUARDO;-4.82722;42.70361;2015-01-07;3. MEDIO;5. MUY BAJO;5. MUY BAJO;4. BAJO;5. MUY BAJO
GUARDO;-4.82722;42.70361;2015-01-08;1. MUY ALTO;5. MUY BAJO;4. BAJO;4. BAJO;5. MUY BAJO
GUARDO;-4.82722;42.70361;2015-01-09;3. MEDIO;5. MUY BAJO;3. MEDIO;4. BAJO;5. MUY BAJO
GUARDO;-4.82722;42.70361;2015-01-10;3. MEDIO;5. MUY BAJO;4. BAJO;4. BAJO;5. MUY BAJO
GUARDO;-4.82722;42.70361;2015-01-11;1. MUY ALTO;5. MUY BAJO;5. MUY BAJO;4. BAJO;5. MUY BAJO
GUARDO;-4.82722;42.70361;2015-01-12;3. MEDIO;5. MUY BAJO;5. MUY BAJO;4. BAJO;4. BAJO
GUARDO;-4.82722;42.70361;2015-01-13;3. MEDIO;5. MUY BAJO;4. BAJO;4. BAJO;5. MUY BAJO
GUARDO;-4.82722;42.70361;2015-01-14;3. MEDIO;5. MUY BAJO;4. BAJO;5. MUY BAJO;4. BAJO
GUARDO;-4.82722;42.70361;2015-01-15;2. ALTO;5. MUY BAJO;5. MUY BAJO;5. MUY BAJO;4. BAJO
GUARDO;-4.82722;42.70361;2015-01-16;3. MEDIO;5. MUY BAJO;5. MUY BAJO;5. MUY BAJO;4. BAJO
GUARDO;-4.82722;42.70361;2015-01-17;1. MUY ALTO;5. MUY BAJO;5. MUY BAJO;4. BAJO;4. BAJO
GUARDO;-4.82722;42.70361;2015-01-18;2. ALTO;5. MUY BAJO;5. MUY BAJO;5. MUY BAJO;4. BAJO
GUARDO;-4.82722;42.70361;2015-01-19;2. ALTO;5. MUY BAJO;4. BAJO;5. MUY BAJO;3. MEDIO
GUARDO;-4.82722;42.70361;2015-01-20;4. BAJO;5. MUY BAJO;5. MUY BAJO;5. MUY BAJO;4. BAJO
GUARDO;-4.82722;42.70361;2015-01-21;4. BAJO;5. MUY BAJO;5. MUY BAJO;5. MUY BAJO;3. MEDIO
GUARDO;-4.82722;42.70361;2015-01-22;4. BAJO;5. MUY BAJO;5. MUY BAJO;5. MUY BAJO;4. BAJO
GUARDO;-4.82722;42.70361;2015-01-23;4. BAJO;5. MUY BAJO;5. MUY BAJO;5. MUY BAJO;4. BAJO
GUARDO;-4.82722;42.70361;2015-01-24;1. MUY ALTO;5. MUY BAJO;3. MEDIO;4. BAJO;4. BAJO
GUARDO;-4.82722;42.70361;2015-01-25;1. MUY ALTO;5. MUY BAJO;3. MEDIO;3. MEDIO;5. MUY BAJO
GUARDO;-4.82722;42.70361;2015-01-26;1. MUY ALTO;4. BAJO;1. MUY ALTO;3. MEDIO;5. MUY BAJO
GUARDO;-4.82722;42.70361;2015-01-27;1. MUY ALTO;5. MUY BAJO;3. MEDIO;4. BAJO;4. BAJO
GUARDO;-4.82722;42.70361;2015-01-28;1. MUY ALTO;5. MUY BAJO;4. BAJO;4. BAJO;5. MUY BAJO
GUARDO;-4.82722;42.70361;2015-01-29;3. MEDIO;5. MUY BAJO;4. BAJO;5. MUY BAJO;
GUARDO;-4.82722;42.70361;2015-01-30;;5. MUY BAJO;5. MUY BAJO;5. MUY BAJO;4. BAJO
GUARDO;-4.82722;42.70361;2015-01-31;;5. MUY BAJO;5. MUY BAJO;5. MUY BAJO;3. MEDIO
GUARDO;-4.82722;42.70361;2015-02-01;;5. MUY BAJO;5. MUY BAJO;5. MUY BAJO;3. MEDIO
GUARDO;-4.82722;42.70361;2015-02-02;;5. MUY BAJO;5. MUY BAJO;5. MUY BAJO;4. BAJO
GUARDO;-4.82722;42.70361;2015-02-03;;5. MUY BAJO;4. BAJO;5. MUY BAJO;3. MEDIO
GUARDO;-4.82722;42.70361;2015-02-04;;5. MUY BAJO;5. MUY BAJO;5. MUY BAJO;3. MEDIO
GUARDO;-4.82722;42.70361;2015-02-05;;5. MUY BAJO;4. BAJO;5. MUY BAJO;4. BAJO
GUARDO;-4.82722;42.70361;2015-02-06;;5. MUY BAJO;3. MEDIO;4. BAJO;4. BAJO
GUARDO;-4.82722;42.70361;2015-02-07;;5. MUY BAJO;3. MEDIO;4. BAJO;5. MUY BAJO
GUARDO;-4.82722;42.70361;2015-02-08;;5. MUY BAJO;5. MUY BAJO;4. BAJO;3. MEDIO
GUARDO;-4.82722;42.70361;2015-02-09;;5. MUY BAJO;4. BAJO;4. BAJO;3. MEDIO
GUARDO;-4.82722;42.70361;2015-02-10;;5. MUY BAJO;3. MEDIO;4. BAJO;4. BAJO
GUARDO;-4.82722;42.70361;2015-02-11;;5. MUY BAJO;2. ALTO;3. MEDIO;4. BAJO
GUARDO;-4.82722;42.70361;2015-02-12;;5. MUY BAJO;3. MEDIO;3. MEDIO;5. MUY BAJO
GUARDO;-4.82722;42.70361;2015-02-13;3. MEDIO;5. MUY BAJO;4. BAJO;4. BAJO;4. BAJO
GUARDO;-4.82722;42.70361;2015-02-14;4. BAJO;5. MUY BAJO;5. MUY BAJO;5. MUY BAJO;4. BAJO
GUARDO;-4.82722;42.70361;2015-02-15;5. MUY BAJO;5. MUY BAJO;5. MUY BAJO;5. MUY BAJO;4. BAJO
GUARDO;-4.82722;42.70361;2015-02-16;4. BAJO;5. MUY BAJO;5. MUY BAJO;5. MUY BAJO;4. BAJO
GUARDO;-4.82722;42.70361;2015-02-17;5. MUY BAJO;5. MUY BAJO;5. MUY BAJO;5. MUY BAJO;3. MEDIO
GUARDO;-4.82722;42.70361;2015-02-18;1. MUY ALTO;5. MUY BAJO;4. BAJO;4. BAJO;4. BAJO
GUARDO;-4.82722;42.70361;2015-02-19;4. BAJO;5. MUY BAJO;4. BAJO;4. BAJO;3. MEDIO
GUARDO;-4.82722;42.70361;2015-02-20;4. BAJO;5. MUY BAJO;4. BAJO;4. BAJO;4. BAJO
GUARDO;-4.82722;42.70361;2015-02-21;4. BAJO;5. MUY BAJO;5. MUY BAJO;5. MUY BAJO;3. MEDIO
GUARDO;-4.82722;42.70361;2015-02-22;3. MEDIO;5. MUY BAJO;5. MUY BAJO;5. MUY BAJO;3. MEDIO
GUARDO;-4.82722;42.70361;2015-02-23;;5. MUY BAJO;5. MUY BAJO;5. MUY BAJO;4. BAJO
GUARDO;-4.82722;42.70361;2015-02-24;;5. MUY BAJO;5. MUY BAJO;5. MUY BAJO;3. MEDIO
GUARDO;-4.82722;42.70361;2015-02-25;4. BAJO;5. MUY BAJO;5. MUY BAJO;5. MUY BAJO;3. MEDIO
GUARDO;-4.82722;42.70361;2015-02-26;5. MUY BAJO;5. MUY BAJO;5. MUY BAJO;5. MUY BAJO;4. BAJO
GUARDO;-4.82722;42.70361;2015-02-27;5. MUY BAJO;5. MUY BAJO;5. MUY BAJO;5. MUY BAJO;3. MEDIO
GUARDO;-4.82722;42.70361;2015-02-28;3. MEDIO;5. MUY BAJO;5. MUY BAJO;5. MUY BAJO;4. BAJO
GUARDO;-4.82722;42.70361;2015-03-01;5. MUY BAJO;5. MUY BAJO;5. MUY BAJO;5. MUY BAJO;4. BAJO
GUARDO;-4.82722;42.70361;2015-03-02;5. MUY BAJO;5. MUY BAJO;5. MUY BAJO;5. MUY BAJO;4. BAJO
GUARDO;-4.82722;42.70361;2015-03-03;5. MUY BAJO;5. MUY BAJO;5. MUY BAJO;5. MUY BAJO;4. BAJO
GUARDO;-4.82722;42.70361;2015-03-04;5. MUY BAJO;5. MUY BAJO;5. MUY BAJO;5. MUY BAJO;3. MEDIO
GUARDO;-4.82722;42.70361;2015-03-05;2. ALTO;5. MUY BAJO;5. MUY BAJO;4. BAJO;4. BAJO
GUARDO;-4.82722;42.70361;2015-03-06;2. ALTO;5. MUY BAJO;5. MUY BAJO;4. BAJO;3. MEDIO
GUARDO;-4.82722;42.70361;2015-03-07;5. MUY BAJO;5. MUY BAJO;5. MUY BAJO;5. MUY BAJO;3. MEDIO
GUARDO;-4.82722;42.70361;2015-03-08;5. MUY BAJO;5. MUY BAJO;5. MUY BAJO;5. MUY BAJO;3. MEDIO
GUARDO;-4.82722;42.70361;2015-03-09;5. MUY BAJO;5. MUY BAJO;5. MUY BAJO;5. MUY BAJO;3. MEDIO
GUARDO;-4.82722;42.70361;2015-03-10;4. BAJO;5. MUY BAJO;5. MUY BAJO;4. BAJO;3. MEDIO
GUARDO;-4.82722;42.70361;2015-03-11;4. BAJO;5. MUY BAJO;5. MUY BAJO;4. BAJO;3. MEDIO
GUARDO;-4.82722;42.70361;2015-03-12;5. MUY BAJO;5. MUY BAJO;5. MUY BAJO;3. MEDIO;3. MEDIO
GUARDO;-4.82722;42.70361;2015-03-13;5. MUY BAJO;5. MUY BAJO;5. MUY BAJO;4. BAJO;3. MEDIO
GUARDO;-4.82722;42.70361;2015-03-14;5. MUY BAJO;5. MUY BAJO;5. MUY BAJO;5. MUY BAJO;3. MEDIO
GUARDO;-4.82722;42.70361;2015-03-15;5. MUY BAJO;5. MUY BAJO;5. MUY BAJO;4. BAJO;3. MEDIO
GUARDO;-4.82722;42.70361;2015-03-16;5. MUY BAJO;5. MUY BAJO;5. MUY BAJO;4. BAJO;4. BAJO
GUARDO;-4.82722;42.70361;2015-03-17;4. BAJO;5. MUY BAJO;4. BAJO;3. MEDIO;4. BAJO
GUARDO;-4.82722;42.70361;2015-03-18;2. ALTO;5. MUY BAJO;5. MUY BAJO;4. BAJO;3. MEDIO
GUARDO;-4.82722;42.70361;2015-03-19;4. BAJO;5. MUY BAJO;5. MUY BAJO;5. MUY BAJO;3. MEDIO
GUARDO;-4.82722;42.70361;2015-03-20;5. MUY BAJO;5. MUY BAJO;5. MUY BAJO;4. BAJO;3. MEDIO
GUARDO;-4.82722;42.70361;2015-03-21;5. MUY BAJO;5. MUY BAJO;5. MUY BAJO;5. MUY BAJO;3. MEDIO
GUARDO;-4.82722;42.70361;2015-03-22;5. MUY BAJO;5. MUY BAJO;5. MUY BAJO;5. MUY BAJO;3. MEDIO
GUARDO;-4.82722;42.70361;2015-03-23;5. MUY BAJO;5. MUY BAJO;5. MUY BAJO;5. MUY BAJO;4. BAJO
GUARDO;-4.82722;42.70361;2015-03-24;5. MUY BAJO;5. MUY BAJO;5. MUY BAJO;5. MUY BAJO;3. MEDIO
GUARDO;-4.82722;42.70361;2015-03-25;;;;;
GUARDO;-4.82722;42.70361;2015-03-30;;;;;
GUARDO;-4.82722;42.70361;2015-03-31;5. MUY BAJO;5. MUY BAJO;5. MUY BAJO;5. MUY BAJO;3. MEDIO
GUARDO;-4.82722;42.70361;2015-04-01;4. BAJO;5. MUY BAJO;5. MUY BAJO;4. BAJO;4. BAJO
GUARDO;-4.82722;42.70361;2015-04-02;4. BAJO;5. MUY BAJO;5. MUY BAJO;5. MUY BAJO;4. BAJO
GUARDO;-4.82722;42.70361;2015-04-03;5. MUY BAJO;5. MUY BAJO;5. MUY BAJO;5. MUY BAJO;4. BAJO
GUARDO;-4.82722;42.70361;2015-04-04;4. BAJO;5. MUY BAJO;5. MUY BAJO;5. MUY BAJO;4. BAJO
GUARDO;-4.82722;42.70361;2015-04-05;3. MEDIO;5. MUY BAJO;5. MUY BAJO;5. MUY BAJO;4. BAJO
GUARDO;-4.82722;42.70361;2015-04-06;3. MEDIO;5. MUY BAJO;5. MUY BAJO;4. BAJO;4. BAJO
GUARDO;-4.82722;42.70361;2015-04-07;4. BAJO;5. MUY BAJO;5. MUY BAJO;4. BAJO;3. MEDIO
GUARDO;-4.82722;42.70361;2015-04-08;3. MEDIO;5. MUY BAJO;5. MUY BAJO;4. BAJO;3. MEDIO
GUARDO;-4.82722;42.70361;2015-04-09;5. MUY BAJO;;;3. MEDIO;3. MEDIO
GUARDO;-4.82722;42.70361;2015-04-10;;;;;
GUARDO;-4.82722;42.70361;2015-04-13;;;;;
GUARDO;-4.82722;42.70361;2015-04-14;2. ALTO;5. MUY BAJO;5. MUY BAJO;1. MUY ALTO;3. MEDIO
GUARDO;-4.82722;42.70361;2015-04-15;3. MEDIO;5. MUY BAJO;5. MUY BAJO;2. ALTO;4. BAJO
GUARDO;-4.82722;42.70361;2015-04-16;4. BAJO;5. MUY BAJO;5. MUY BAJO;4. BAJO;4. BAJO
GUARDO;-4.82722;42.70361;2015-04-17;2. ALTO;5. MUY BAJO;5. MUY BAJO;3. MEDIO;3. MEDIO
GUARDO;-4.82722;42.70361;2015-04-18;4. BAJO;5. MUY BAJO;5. MUY BAJO;5. MUY BAJO;3. MEDIO
GUARDO;-4.82722;42.70361;2015-04-19;4. BAJO;5. MUY BAJO;5. MUY BAJO;5. MUY BAJO;3. MEDIO
GUARDO;-4.82722;42.70361;2015-04-20;3. MEDIO;5. MUY BAJO;5. MUY BAJO;4. BAJO;4. BAJO
GUARDO;-4.82722;42.70361;2015-04-21;2. ALTO;5. MUY BAJO;5. MUY BAJO;4. BAJO;3. MEDIO
GUARDO;-4.82722;42.70361;2015-04-22;2. ALTO;5. MUY BAJO;4. BAJO;4. BAJO;4. BAJO
GUARDO;-4.82722;42.70361;2015-04-23;3. MEDIO;5. MUY BAJO;5. MUY BAJO;5. MUY BAJO;3. MEDIO
GUARDO;-4.82722;42.70361;2015-04-24;3. MEDIO;5. MUY BAJO;5. MUY BAJO;5. MUY BAJO;4. BAJO
GUARDO;-4.82722;42.70361;2015-04-25;2. ALTO;5. MUY BAJO;5. MUY BAJO;5. MUY BAJO;3. MEDIO
GUARDO;-4.82722;42.70361;2015-04-26;;5. MUY BAJO;5. MUY BAJO;5. MUY BAJO;3. MEDIO
GUARDO;-4.82722;42.70361;2015-04-27;;5. MUY BAJO;5. MUY BAJO;5. MUY BAJO;4. BAJO
GUARDO;-4.82722;42.70361;2015-04-28;;5. MUY BAJO;5. MUY BAJO;5. MUY BAJO;4. BAJO
GUARDO;-4.82722;42.70361;2015-04-29;;5. MUY BAJO;5. MUY BAJO;5. MUY BAJO;4. BAJO
GUARDO;-4.82722;42.70361;2015-04-30;4. BAJO;5. MUY BAJO;5. MUY BAJO;4. BAJO;4. BAJO
GUARDO;-4.82722;42.70361;2015-05-01;5. MUY BAJO;5. MUY BAJO;5. MUY BAJO;5. MUY BAJO;4. BAJO
GUARDO;-4.82722;42.70361;2015-05-02;3. MEDIO;5. MUY BAJO;5. MUY BAJO;5. MUY BAJO;5. MUY BAJO
GUARDO;-4.82722;42.70361;2015-05-03;5. MUY BAJO;5. MUY BAJO;5. MUY BAJO;5. MUY BAJO;4. BAJO
GUARDO;-4.82722;42.70361;2015-05-04;4. BAJO;5. MUY BAJO;5. MUY BAJO;4. BAJO;4. BAJO
GUARDO;-4.82722;42.70361;2015-05-05;5. MUY BAJO;5. MUY BAJO;5. MUY BAJO;5. MUY BAJO;3. MEDIO
GUARDO;-4.82722;42.70361;2015-05-06;5. MUY BAJO;5. MUY BAJO;5. MUY BAJO;5. MUY BAJO;3. MEDIO
GUARDO;-4.82722;42.70361;2015-05-07;5. MUY BAJO;5. MUY BAJO;5. MUY BAJO;4. BAJO;3. MEDIO
GUARDO;-4.82722;42.70361;2015-05-08;5. MUY BAJO;5. MUY BAJO;5. MUY BAJO;5. MUY BAJO;3. MEDIO
GUARDO;-4.82722;42.70361;2015-05-09;5. MUY BAJO;5. MUY BAJO;5. MUY BAJO;5. MUY BAJO;4. BAJO
GUARDO;-4.82722;42.70361;2015-05-10;5. MUY BAJO;5. MUY BAJO;5. MUY BAJO;4. BAJO;3. MEDIO
GUARDO;-4.82722;42.70361;2015-05-11;5. MUY BAJO;5. MUY BAJO;5. MUY BAJO;3. MEDIO;3. MEDIO
GUARDO;-4.82722;42.70361;2015-05-12;5. MUY BAJO;5. MUY BAJO;5. MUY BAJO;3. MEDIO;3. MEDIO
GUARDO;-4.82722;42.70361;2015-05-13;;5. MUY BAJO;5. MUY BAJO;3. MEDIO;3. MEDIO
GUARDO;-4.82722;42.70361;2015-05-14;5. MUY BAJO;5. MUY BAJO;5. MUY BAJO;4. BAJO;3. MEDIO
GUARDO;-4.82722;42.70361;2015-05-15;5. MUY BAJO;5. MUY BAJO;5. MUY BAJO;5. MUY BAJO;3. MEDIO
GUARDO;-4.82722;42.70361;2015-05-16;5. MUY BAJO;5. MUY BAJO;5. MUY BAJO;4. BAJO;4. BAJO
GUARDO;-4.82722;42.70361;2015-05-17;5. MUY BAJO;5. MUY BAJO;5. MUY BAJO;4. BAJO;4. BAJO
GUARDO;-4.82722;42.70361;2015-05-18;5. MUY BAJO;5. MUY BAJO;5. MUY BAJO;4. BAJO;3. MEDIO
GUARDO;-4.82722;42.70361;2015-05-19;5. MUY BAJO;5. MUY BAJO;5. MUY BAJO;5. MUY BAJO;3. MEDIO
GUARDO;-4.82722;42.70361;2015-05-20;;5. MUY BAJO;5. MUY BAJO;5. MUY BAJO;3. MEDIO
GUARDO;-4.82722;42.70361;2015-05-21;;5. MUY BAJO;5. MUY BAJO;4. BAJO;3. MEDIO
GUARDO;-4.82722;42.70361;2015-05-22;;5. MUY BAJO;5. MUY BAJO;4. BAJO;3. MEDIO
GUARDO;-4.82722;42.70361;2015-05-23;;5. MUY BAJO;5. MUY BAJO;4. BAJO;4. BAJO
GUARDO;-4.82722;42.70361;2015-05-24;;5. MUY BAJO;5. MUY BAJO;5. MUY BAJO;4. BAJO
GUARDO;-4.82722;42.70361;2015-05-25;;5. MUY BAJO;5. MUY BAJO;4. BAJO;4. BAJO
GUARDO;-4.82722;42.70361;2015-05-26;;5. MUY BAJO;5. MUY BAJO;5. MUY BAJO;3. MEDIO
GUARDO;-4.82722;42.70361;2015-05-27;;5. MUY BAJO;5. MUY BAJO;4. BAJO;4. BAJO
GUARDO;-4.82722;42.70361;2015-05-28;4. BAJO;5. MUY BAJO;5. MUY BAJO;4. BAJO;3. MEDIO
GUARDO;-4.82722;42.70361;2015-05-29;5. MUY BAJO;5. MUY BAJO;5. MUY BAJO;4. BAJO;3. MEDIO
GUARDO;-4.82722;42.70361;2015-05-30;5. MUY BAJO;5. MUY BAJO;5. MUY BAJO;5. MUY BAJO;3. MEDIO
GUARDO;-4.82722;42.70361;2015-05-31;5. MUY BAJO;5. MUY BAJO;5. MUY BAJO;4. BAJO;4. BAJO
GUARDO;-4.82722;42.70361;2015-06-01;5. MUY BAJO;5. MUY BAJO;5. MUY BAJO;4. BAJO;4. BAJO
GUARDO;-4.82722;42.70361;2015-06-02;5. MUY BAJO;5. MUY BAJO;5. MUY BAJO;5. MUY BAJO;3. MEDIO
GUARDO;-4.82722;42.70361;2015-06-03;5. MUY BAJO;5. MUY BAJO;5. MUY BAJO;4. BAJO;3. MEDIO
GUARDO;-4.82722;42.70361;2015-06-04;5. MUY BAJO;5. MUY BAJO;5. MUY BAJO;3. MEDIO;3. MEDIO
GUARDO;-4.82722;42.70361;2015-06-05;5. MUY BAJO;5. MUY BAJO;5. MUY BAJO;4. BAJO;3. MEDIO
GUARDO;-4.82722;42.70361;2015-06-06;5. MUY BAJO;5. MUY BAJO;5. MUY BAJO;4. BAJO;3. MEDIO
GUARDO;-4.82722;42.70361;2015-06-07;5. MUY BAJO;5. MUY BAJO;5. MUY BAJO;4. BAJO;3. MEDIO
GUARDO;-4.82722;42.70361;2015-06-08;5. MUY BAJO;5. MUY BAJO;5. MUY BAJO;3. MEDIO;3. MEDIO
GUARDO;-4.82722;42.70361;2015-06-09;5. MUY BAJO;5. MUY BAJO;5. MUY BAJO;4. BAJO;3. MEDIO
GUARDO;-4.82722;42.70361;2015-06-10;5. MUY BAJO;5. MUY BAJO;5. MUY BAJO;5. MUY BAJO;3. MEDIO
GUARDO;-4.82722;42.70361;2015-06-11;5. MUY BAJO;5. MUY BAJO;5. MUY BAJO;4. BAJO;3. MEDIO
GUARDO;-4.82722;42.70361;2015-06-12;5. MUY BAJO;5. MUY BAJO;5. MUY BAJO;4. BAJO;3. MEDIO
GUARDO;-4.82722;42.70361;2015-06-13;5. MUY BAJO;5. MUY BAJO;5. MUY BAJO;4. BAJO;3. MEDIO
GUARDO;-4.82722;42.70361;2015-06-14;5. MUY BAJO;5. MUY BAJO;5. MUY BAJO;5. MUY BAJO;4. BAJO
GUARDO;-4.82722;42.70361;2015-06-15;5. MUY BAJO;5. MUY BAJO;5. MUY BAJO;5. MUY BAJO;3. MEDIO
GUARDO;-4.82722;42.70361;2015-06-16;5. MUY BAJO;5. MUY BAJO;5. MUY BAJO;4. BAJO;4. BAJO
GUARDO;-4.82722;42.70361;2015-06-17;5. MUY BAJO;5. MUY BAJO;5. MUY BAJO;5. MUY BAJO;4. BAJO
GUARDO;-4.82722;42.70361;2015-06-18;5. MUY BAJO;5. MUY BAJO;5. MUY BAJO;5. MUY BAJO;4. BAJO
GUARDO;-4.82722;42.70361;2015-06-19;5. MUY BAJO;5. MUY BAJO;5. MUY BAJO;5. MUY BAJO;4. BAJO
GUARDO;-4.82722;42.70361;2015-06-20;;5. MUY BAJO;5. MUY BAJO;;
GUARDO;-4.82722;42.70361;2015-06-21;;5. MUY BAJO;5. MUY BAJO;;
GUARDO;-4.82722;42.70361;2015-06-22;;5. MUY BAJO;5. MUY BAJO;;
GUARDO;-4.82722;42.70361;2015-06-23;5. MUY BAJO;5. MUY BAJO;5. MUY BAJO;4. BAJO;3. MEDIO
GUARDO;-4.82722;42.70361;2015-06-24;5. MUY BAJO;5. MUY BAJO;5. MUY BAJO;4. BAJO;4. BAJO
GUARDO;-4.82722;42.70361;2015-06-25;5. MUY BAJO;5. MUY BAJO;5. MUY BAJO;4. BAJO;3. MEDIO
GUARDO;-4.82722;42.70361;2015-06-26;5. MUY BAJO;5. MUY BAJO;5. MUY BAJO;4. BAJO;2. ALTO
GUARDO;-4.82722;42.70361;2015-06-27;5. MUY BAJO;5. MUY BAJO;5. MUY BAJO;4. BAJO;3. MEDIO
GUARDO;-4.82722;42.70361;2015-06-28;5. MUY BAJO;5. MUY BAJO;5. MUY BAJO;4. BAJO;3. MEDIO
GUARDO;-4.82722;42.70361;2015-06-29;4. BAJO;5. MUY BAJO;5. MUY BAJO;4. BAJO;3. MEDIO
GUARDO;-4.82722;42.70361;2015-06-30;5. MUY BAJO;5. MUY BAJO;5. MUY BAJO;3. MEDIO;2. ALTO
GUARDO;-4.82722;42.70361;2015-07-01;5. MUY BAJO;5. MUY BAJO;5. MUY BAJO;3. MEDIO;3. MEDIO
GUARDO;-4.82722;42.70361;2015-07-02;5. MUY BAJO;5. MUY BAJO;5. MUY BAJO;4. BAJO;3. MEDIO
GUARDO;-4.82722;42.70361;2015-07-03;5. MUY BAJO;5. MUY BAJO;5. MUY BAJO;4. BAJO;3. MEDIO
GUARDO;-4.82722;42.70361;2015-07-04;4. BAJO;5. MUY BAJO;5. MUY BAJO;4. BAJO;2. ALTO
GUARDO;-4.82722;42.70361;2015-07-05;4. BAJO;5. MUY BAJO;5. MUY BAJO;4. BAJO;4. BAJO
GUARDO;-4.82722;42.70361;2015-07-06;5. MUY BAJO;5. MUY BAJO;5. MUY BAJO;4. BAJO;4. BAJO
GUARDO;-4.82722;42.70361;2015-07-07;4. BAJO;5. MUY BAJO;5. MUY BAJO;4. BAJO;3. MEDIO
GUARDO;-4.82722;42.70361;2015-07-08;5. MUY BAJO;5. MUY BAJO;5. MUY BAJO;4. BAJO;4. BAJO
GUARDO;-4.82722;42.70361;2015-07-09;5. MUY BAJO;5. MUY BAJO;5. MUY BAJO;5. MUY BAJO;3. MEDIO
GUARDO;-4.82722;42.70361;2015-07-10;5. MUY BAJO;5. MUY BAJO;5. MUY BAJO;4. BAJO;2. ALTO
GUARDO;-4.82722;42.70361;2015-07-11;5. MUY BAJO;5. MUY BAJO;5. MUY BAJO;4. BAJO;4. BAJO
GUARDO;-4.82722;42.70361;2015-07-12;5. MUY BAJO;5. MUY BAJO;5. MUY BAJO;4. BAJO;3. MEDIO
GUARDO;-4.82722;42.70361;2015-07-13;3. MEDIO;5. MUY BAJO;5. MUY BAJO;4. BAJO;3. MEDIO
GUARDO;-4.82722;42.70361;2015-07-14;5. MUY BAJO;5. MUY BAJO;5. MUY BAJO;4. BAJO;2. ALTO
GUARDO;-4.82722;42.70361;2015-07-15;4. BAJO;5. MUY BAJO;5. MUY BAJO;3. MEDIO;2. ALTO
GUARDO;-4.82722;42.70361;2015-07-16;5. MUY BAJO;5. MUY BAJO;5. MUY BAJO;3. MEDIO;2. ALTO
GUARDO;-4.82722;42.70361;2015-07-17;4. BAJO;5. MUY BAJO;4. BAJO;3. MEDIO;3. MEDIO
GUARDO;-4.82722;42.70361;2015-07-18;5. MUY BAJO;5. MUY BAJO;5. MUY BAJO;3. MEDIO;3. MEDIO
GUARDO;-4.82722;42.70361;2015-07-19;;5. MUY BAJO;5. MUY BAJO;4. BAJO;4. BAJO
GUARDO;-4.82722;42.70361;2015-07-20;;5. MUY BAJO;5. MUY BAJO;4. BAJO;4. BAJO
GUARDO;-4.82722;42.70361;2015-07-21;;5. MUY BAJO;5. MUY BAJO;4. BAJO;3. MEDIO
GUARDO;-4.82722;42.70361;2015-07-22;5. MUY BAJO;5. MUY BAJO;5. MUY BAJO;4. BAJO;4. BAJO
GUARDO;-4.82722;42.70361;2015-07-23;;5. MUY BAJO;5. MUY BAJO;4. BAJO;3. MEDIO
GUARDO;-4.82722;42.70361;2015-07-24;3. MEDIO;5. MUY BAJO;5. MUY BAJO;4. BAJO;4. BAJO
GUARDO;-4.82722;42.70361;2015-07-25;5. MUY BAJO;5. MUY BAJO;5. MUY BAJO;5. MUY BAJO;3. MEDIO
GUARDO;-4.82722;42.70361;2015-07-26;5. MUY BAJO;5. MUY BAJO;5. MUY BAJO;4. BAJO;4. BAJO
GUARDO;-4.82722;42.70361;2015-07-27;5. MUY BAJO;5. MUY BAJO;5. MUY BAJO;4. BAJO;3. MEDIO
GUARDO;-4.82722;42.70361;2015-07-28;5. MUY BAJO;5. MUY BAJO;5. MUY BAJO;4. BAJO;4. BAJO
GUARDO;-4.82722;42.70361;2015-07-29;5. MUY BAJO;5. MUY BAJO;5. MUY BAJO;4. BAJO;4. BAJO
GUARDO;-4.82722;42.70361;2015-07-30;5. MUY BAJO;5. MUY BAJO;5. MUY BAJO;5. MUY BAJO;4. BAJO
GUARDO;-4.82722;42.70361;2015-07-31;5. MUY BAJO;5. MUY BAJO;5. MUY BAJO;5. MUY BAJO;4. BAJO
GUARDO;-4.82722;42.70361;2015-08-01;5. MUY BAJO;5. MUY BAJO;5. MUY BAJO;5. MUY BAJO;3. MEDIO
GUARDO;-4.82722;42.70361;2015-08-02;5. MUY BAJO;5. MUY BAJO;5. MUY BAJO;4. BAJO;3. MEDIO
GUARDO;-4.82722;42.70361;2015-08-03;5. MUY BAJO;5. MUY BAJO;5. MUY BAJO;3. MEDIO;3. MEDIO
GUARDO;-4.82722;42.70361;2015-08-04;5. MUY BAJO;5. MUY BAJO;5. MUY BAJO;4. BAJO;3. MEDIO
GUARDO;-4.82722;42.70361;2015-08-05;5. MUY BAJO;5. MUY BAJO;5. MUY BAJO;4. BAJO;3. MEDIO
GUARDO;-4.82722;42.70361;2015-08-06;5. MUY BAJO;5. MUY BAJO;5. MUY BAJO;4. BAJO;3. MEDIO
GUARDO;-4.82722;42.70361;2015-08-07;5. MUY BAJO;5. MUY BAJO;5. MUY BAJO;4. BAJO;4. BAJO
GUARDO;-4.82722;42.70361;2015-08-08;2. ALTO;5. MUY BAJO;5. MUY BAJO;5. MUY BAJO;3. MEDIO
GUARDO;-4.82722;42.70361;2015-08-09;5. MUY BAJO;5. MUY BAJO;5. MUY BAJO;4. BAJO;3. MEDIO
GUARDO;-4.82722;42.70361;2015-08-10;5. MUY BAJO;5. MUY BAJO;5. MUY BAJO;3. MEDIO;3. MEDIO
GUARDO;-4.82722;42.70361;2015-08-11;5. MUY BAJO;5. MUY BAJO;5. MUY BAJO;2. ALTO;3. MEDIO
GUARDO;-4.82722;42.70361;2015-08-12;5. MUY BAJO;5. MUY BAJO;5. MUY BAJO;3. MEDIO;4. BAJO
GUARDO;-4.82722;42.70361;2015-08-13;5. MUY BAJO;5. MUY BAJO;5. MUY BAJO;5. MUY BAJO;4. BAJO
GUARDO;-4.82722;42.70361;2015-08-14;5. MUY BAJO;5. MUY BAJO;5. MUY BAJO;5. MUY BAJO;4. BAJO
GUARDO;-4.82722;42.70361;2015-08-17;;;;;
GUARDO;-4.82722;42.70361;2015-08-18;5. MUY BAJO;5. MUY BAJO;5. MUY BAJO;5. MUY BAJO;4. BAJO
GUARDO;-4.82722;42.70361;2015-08-19;5. MUY BAJO;5. MUY BAJO;5. MUY BAJO;4. BAJO;4. BAJO
GUARDO;-4.82722;42.70361;2015-08-20;5. MUY BAJO;5. MUY BAJO;5. MUY BAJO;4. BAJO;3. MEDIO
GUARDO;-4.82722;42.70361;2015-08-21;5. MUY BAJO;5. MUY BAJO;5. MUY BAJO;4. BAJO;3. MEDIO
GUARDO;-4.82722;42.70361;2015-08-22;5. MUY BAJO;5. MUY BAJO;5. MUY BAJO;3. MEDIO;3. MEDIO
GUARDO;-4.82722;42.70361;2015-08-23;5. MUY BAJO;5. MUY BAJO;5. MUY BAJO;5. MUY BAJO;4. BAJO
GUARDO;-4.82722;42.70361;2015-08-24;5. MUY BAJO;5. MUY BAJO;5. MUY BAJO;5. MUY BAJO;4. BAJO
GUARDO;-4.82722;42.70361;2015-08-25;5. MUY BAJO;5. MUY BAJO;5. MUY BAJO;5. MUY BAJO;4. BAJO
GUARDO;-4.82722;42.70361;2015-08-26;5. MUY BAJO;5. MUY BAJO;5. MUY BAJO;4. BAJO;4. BAJO
GUARDO;-4.82722;42.70361;2015-08-27;5. MUY BAJO;5. MUY BAJO;5. MUY BAJO;5. MUY BAJO;4. BAJO
GUARDO;-4.82722;42.70361;2015-08-28;5. MUY BAJO;5. MUY BAJO;5. MUY BAJO;5. MUY BAJO;5. MUY BAJO
GUARDO;-4.82722;42.70361;2015-08-29;5. MUY BAJO;5. MUY BAJO;5. MUY BAJO;4. BAJO;3. MEDIO
GUARDO;-4.82722;42.70361;2015-08-30;5. MUY BAJO;5. MUY BAJO;5. MUY BAJO;3. MEDIO;3. MEDIO
GUARDO;-4.82722;42.70361;2015-08-31;5. MUY BAJO;5. MUY BAJO;5. MUY BAJO;3. MEDIO;4. BAJO
GUARDO;-4.82722;42.70361;2015-09-01;5. MUY BAJO;5. MUY BAJO;5. MUY BAJO;5. MUY BAJO;4. BAJO
GUARDO;-4.82722;42.70361;2015-09-02;5. MUY BAJO;5. MUY BAJO;5. MUY BAJO;5. MUY BAJO;4. BAJO
GUARDO;-4.82722;42.70361;2015-09-03;5. MUY BAJO;5. MUY BAJO;5. MUY BAJO;5. MUY BAJO;4. BAJO
GUARDO;-4.82722;42.70361;2015-09-04;5. MUY BAJO;5. MUY BAJO;5. MUY BAJO;5. MUY BAJO;4. BAJO
GUARDO;-4.82722;42.70361;2015-09-05;5. MUY BAJO;5. MUY BAJO;5. MUY BAJO;5. MUY BAJO;4. BAJO
GUARDO;-4.82722;42.70361;2015-09-06;5. MUY BAJO;5. MUY BAJO;5. MUY BAJO;5. MUY BAJO;4. BAJO
GUARDO;-4.82722;42.70361;2015-09-07;4. BAJO;5. MUY BAJO;5. MUY BAJO;4. BAJO;4. BAJO
GUARDO;-4.82722;42.70361;2015-09-08;5. MUY BAJO;5. MUY BAJO;5. MUY BAJO;4. BAJO;3. MEDIO
GUARDO;-4.82722;42.70361;2015-09-09;5. MUY BAJO;5. MUY BAJO;5. MUY BAJO;4. BAJO;3. MEDIO
GUARDO;-4.82722;42.70361;2015-09-10;5. MUY BAJO;5. MUY BAJO;5. MUY BAJO;4. BAJO;4. BAJO
GUARDO;-4.82722;42.70361;2015-09-11;5. MUY BAJO;5. MUY BAJO;5. MUY BAJO;4. BAJO;4. BAJO
GUARDO;-4.82722;42.70361;2015-09-12;5. MUY BAJO;5. MUY BAJO;5. MUY BAJO;4. BAJO;4. BAJO
GUARDO;-4.82722;42.70361;2015-09-13;5. MUY BAJO;5. MUY BAJO;5. MUY BAJO;5. MUY BAJO;4. BAJO
GUARDO;-4.82722;42.70361;2015-09-14;5. MUY BAJO;5. MUY BAJO;5. MUY BAJO;5. MUY BAJO;4. BAJO
GUARDO;-4.82722;42.70361;2015-09-15;5. MUY BAJO;5. MUY BAJO;5. MUY BAJO;5. MUY BAJO;4. BAJO
GUARDO;-4.82722;42.70361;2015-09-16;5. MUY BAJO;5. MUY BAJO;5. MUY BAJO;5. MUY BAJO;4. BAJO
GUARDO;-4.82722;42.70361;2015-09-17;5. MUY BAJO;5. MUY BAJO;5. MUY BAJO;5. MUY BAJO;4. BAJO
GUARDO;-4.82722;42.70361;2015-09-18;5. MUY BAJO;5. MUY BAJO;5. MUY BAJO;5. MUY BAJO;4. BAJO
GUARDO;-4.82722;42.70361;2015-09-19;5. MUY BAJO;5. MUY BAJO;5. MUY BAJO;5. MUY BAJO;4. BAJO
GUARDO;-4.82722;42.70361;2015-09-20;5. MUY BAJO;5. MUY BAJO;5. MUY BAJO;5. MUY BAJO;4. BAJO
GUARDO;-4.82722;42.70361;2015-09-21;5. MUY BAJO;5. MUY BAJO;5. MUY BAJO;4. BAJO;4. BAJO
GUARDO;-4.82722;42.70361;2015-09-22;5. MUY BAJO;5. MUY BAJO;5. MUY BAJO;5. MUY BAJO;4. BAJO
GUARDO;-4.82722;42.70361;2015-09-23;5. MUY BAJO;5. MUY BAJO;5. MUY BAJO;5. MUY BAJO;4. BAJO
GUARDO;-4.82722;42.70361;2015-09-24;5. MUY BAJO;5. MUY BAJO;5. MUY BAJO;4. BAJO;4. BAJO
GUARDO;-4.82722;42.70361;2015-09-25;5. MUY BAJO;5. MUY BAJO;5. MUY BAJO;4. BAJO;4. BAJO
GUARDO;-4.82722;42.70361;2015-09-26;5. MUY BAJO;5. MUY BAJO;5. MUY BAJO;4. BAJO;4. BAJO
GUARDO;-4.82722;42.70361;2015-09-27;5. MUY BAJO;5. MUY BAJO;5. MUY BAJO;5. MUY BAJO;4. BAJO
GUARDO;-4.82722;42.70361;2015-09-28;5. MUY BAJO;5. MUY BAJO;5. MUY BAJO;4. BAJO;3. MEDIO
GUARDO;-4.82722;42.70361;2015-09-29;5. MUY BAJO;5. MUY BAJO;5. MUY BAJO;4. BAJO;4. BAJO
GUARDO;-4.82722;42.70361;2015-09-30;5. MUY BAJO;5. MUY BAJO;5. MUY BAJO;4. BAJO;4. BAJO
GUARDO;-4.82722;42.70361;2015-10-01;5. MUY BAJO;5. MUY BAJO;4. BAJO;4. BAJO;3. MEDIO
GUARDO;-4.82722;42.70361;2015-10-02;4. BAJO;5. MUY BAJO;5. MUY BAJO;4. BAJO;3. MEDIO
GUARDO;-4.82722;42.70361;2015-10-03;5. MUY BAJO;5. MUY BAJO;5. MUY BAJO;4. BAJO;4. BAJO
GUARDO;-4.82722;42.70361;2015-10-04;4. BAJO;5. MUY BAJO;5. MUY BAJO;5. MUY BAJO;5. MUY BAJO
GUARDO;-4.82722;42.70361;2015-10-05;5. MUY BAJO;5. MUY BAJO;5. MUY BAJO;5. MUY BAJO;4. BAJO
GUARDO;-4.82722;42.70361;2015-10-06;5. MUY BAJO;5. MUY BAJO;5. MUY BAJO;5. MUY BAJO;4. BAJO
GUARDO;-4.82722;42.70361;2015-10-07;4. BAJO;5. MUY BAJO;5. MUY BAJO;5. MUY BAJO;4. BAJO
GUARDO;-4.82722;42.70361;2015-10-08;5. MUY BAJO;5. MUY BAJO;5. MUY BAJO;5. MUY BAJO;5. MUY BAJO
GUARDO;-4.82722;42.70361;2015-10-09;4. BAJO;5. MUY BAJO;5. MUY BAJO;5. MUY BAJO;5. MUY BAJO
GUARDO;-4.82722;42.70361;2015-10-10;4. BAJO;5. MUY BAJO;5. MUY BAJO;4. BAJO;4. BAJO
GUARDO;-4.82722;42.70361;2015-10-11;4. BAJO;5. MUY BAJO;5. MUY BAJO;5. MUY BAJO;5. MUY BAJO
GUARDO;-4.82722;42.70361;2015-10-12;5. MUY BAJO;5. MUY BAJO;5. MUY BAJO;5. MUY BAJO;5. MUY BAJO
GUARDO;-4.82722;42.70361;2015-10-13;2. ALTO;5. MUY BAJO;5. MUY BAJO;4. BAJO;4. BAJO
GUARDO;-4.82722;42.70361;2015-10-14;3. MEDIO;5. MUY BAJO;5. MUY BAJO;4. BAJO;4. BAJO
GUARDO;-4.82722;42.70361;2015-10-15;2. ALTO;5. MUY BAJO;5. MUY BAJO;4. BAJO;5. MUY BAJO
GUARDO;-4.82722;42.70361;2015-10-16;3. MEDIO;5. MUY BAJO;4. BAJO;4. BAJO;5. MUY BAJO
GUARDO;-4.82722;42.70361;2015-10-17;1. MUY ALTO;5. MUY BAJO;5. MUY BAJO;4. BAJO;4. BAJO
GUARDO;-4.82722;42.70361;2015-10-18;2. ALTO;5. MUY BAJO;5. MUY BAJO;5. MUY BAJO;4. BAJO
GUARDO;-4.82722;42.70361;2015-10-19;2. ALTO;5. MUY BAJO;5. MUY BAJO;5. MUY BAJO;5. MUY BAJO
GUARDO;-4.82722;42.70361;2015-10-20;4. BAJO;5. MUY BAJO;5. MUY BAJO;5. MUY BAJO;4. BAJO
GUARDO;-4.82722;42.70361;2015-10-21;1. MUY ALTO;5. MUY BAJO;5. MUY BAJO;4. BAJO;5. MUY BAJO
GUARDO;-4.82722;42.70361;2015-10-22;1. MUY ALTO;5. MUY BAJO;5. MUY BAJO;4. BAJO;5. MUY BAJO
GUARDO;-4.82722;42.70361;2015-10-23;4. BAJO;5. MUY BAJO;5. MUY BAJO;4. BAJO;5. MUY BAJO
GUARDO;-4.82722;42.70361;2015-10-24;2. ALTO;5. MUY BAJO;5. MUY BAJO;4. BAJO;5. MUY BAJO
GUARDO;-4.82722;42.70361;2015-10-25;2. ALTO;5. MUY BAJO;5. MUY BAJO;4. BAJO;4. BAJO
GUARDO;-4.82722;42.70361;2015-10-26;2. ALTO;5. MUY BAJO;5. MUY BAJO;4. BAJO;5. MUY BAJO
GUARDO;-4.82722;42.70361;2015-10-27;2. ALTO;5. MUY BAJO;5. MUY BAJO;5. MUY BAJO;3. MEDIO
GUARDO;-4.82722;42.70361;2015-10-28;3. MEDIO;5. MUY BAJO;5. MUY BAJO;5. MUY BAJO;4. BAJO
GUARDO;-4.82722;42.70361;2015-10-29;1. MUY ALTO;5. MUY BAJO;5. MUY BAJO;5. MUY BAJO;4. BAJO
GUARDO;-4.82722;42.70361;2015-10-30;2. ALTO;5. MUY BAJO;5. MUY BAJO;4. BAJO;4. BAJO
GUARDO;-4.82722;42.70361;2015-10-31;3. MEDIO;5. MUY BAJO;5. MUY BAJO;4. BAJO;5. MUY BAJO
GUARDO;-4.82722;42.70361;2015-11-01;2. ALTO;5. MUY BAJO;5. MUY BAJO;4. BAJO;4. BAJO
GUARDO;-4.82722;42.70361;2015-11-02;1. MUY ALTO;5. MUY BAJO;5. MUY BAJO;4. BAJO;3. MEDIO
GUARDO;-4.82722;42.70361;2015-11-03;3. MEDIO;5. MUY BAJO;5. MUY BAJO;5. MUY BAJO;4. BAJO
GUARDO;-4.82722;42.70361;2015-11-04;1. MUY ALTO;5. MUY BAJO;5. MUY BAJO;4. BAJO;4. BAJO
GUARDO;-4.82722;42.70361;2015-11-05;;;;;
PALENCIA 3;-4.53833;42.01944;2014-01-01;5. MUY BAJO;5. MUY BAJO;5. MUY BAJO;5. MUY BAJO;4. BAJO
PALENCIA 3;-4.53833;42.01944;2014-01-02;5. MUY BAJO;5. MUY BAJO;5. MUY BAJO;5. MUY BAJO;3. MEDIO
PALENCIA 3;-4.53833;42.01944;2014-01-03;5. MUY BAJO;5. MUY BAJO;5. MUY BAJO;5. MUY BAJO;3. MEDIO
PALENCIA 3;-4.53833;42.01944;2014-01-04;5. MUY BAJO;5. MUY BAJO;5. MUY BAJO;5. MUY BAJO;3. MEDIO
PALENCIA 3;-4.53833;42.01944;2014-01-05;5. MUY BAJO;5. MUY BAJO;5. MUY BAJO;5. MUY BAJO;3. MEDIO
PALENCIA 3;-4.53833;42.01944;2014-01-06;5. MUY BAJO;5. MUY BAJO;5. MUY BAJO;5. MUY BAJO;3. MEDIO
PALENCIA 3;-4.53833;42.01944;2014-01-07;5. MUY BAJO;5. MUY BAJO;5. MUY BAJO;5. MUY BAJO;4. BAJO
PALENCIA 3;-4.53833;42.01944;2014-01-08;4. BAJO;5. MUY BAJO;2. ALTO;5. MUY BAJO;5. MUY BAJO
PALENCIA 3;-4.53833;42.01944;2014-01-09;3. MEDIO;3. MEDIO;2. ALTO;4. BAJO;5. MUY BAJO
PALENCIA 3;-4.53833;42.01944;2014-01-10;3. MEDIO;2. ALTO;3. MEDIO;4. BAJO;5. MUY BAJO
PALENCIA 3;-4.53833;42.01944;2014-01-11;4. BAJO;4. BAJO;3. MEDIO;3. MEDIO;5. MUY BAJO
PALENCIA 3;-4.53833;42.01944;2014-01-12;5. MUY BAJO;5. MUY BAJO;4. BAJO;4. BAJO;5. MUY BAJO
PALENCIA 3;-4.53833;42.01944;2014-01-13;5. MUY BAJO;5. MUY BAJO;5. MUY BAJO;5. MUY BAJO;3. MEDIO
PALENCIA 3;-4.53833;42.01944;2014-01-14;5. MUY BAJO;5. MUY BAJO;5. MUY BAJO;5. MUY BAJO;3. MEDIO
PALENCIA 3;-4.53833;42.01944;2014-01-15;5. MUY BAJO;5. MUY BAJO;5. MUY BAJO;5. MUY BAJO;4. BAJO
PALENCIA 3;-4.53833;42.01944;2014-01-16;5. MUY BAJO;5. MUY BAJO;5. MUY BAJO;5. MUY BAJO;3. MEDIO
PALENCIA 3;-4.53833;42.01944;2014-01-17;5. MUY BAJO;5. MUY BAJO;4. BAJO;5. MUY BAJO;4. BAJO
PALENCIA 3;-4.53833;42.01944;2014-01-18;5. MUY BAJO;5. MUY BAJO;5. MUY BAJO;5. MUY BAJO;4. BAJO
PALENCIA 3;-4.53833;42.01944;2014-01-19;5. MUY BAJO;5. MUY BAJO;5. MUY BAJO;5. MUY BAJO;4. BAJO
PALENCIA 3;-4.53833;42.01944;2014-01-20;5. MUY BAJO;5. MUY BAJO;5. MUY BAJO;5. MUY BAJO;3. MEDIO
PALENCIA 3;-4.53833;42.01944;2014-01-21;5. MUY BAJO;5. MUY BAJO;5. MUY BAJO;5. MUY BAJO;4. BAJO
PALENCIA 3;-4.53833;42.01944;2014-01-22;5. MUY BAJO;5. MUY BAJO;5. MUY BAJO;5. MUY BAJO;4. BAJO
PALENCIA 3;-4.53833;42.01944;2014-01-23;5. MUY BAJO;5. MUY BAJO;4. BAJO;5. MUY BAJO;5. MUY BAJO
PALENCIA 3;-4.53833;42.01944;2014-01-24;5. MUY BAJO;5. MUY BAJO;5. MUY BAJO;5. MUY BAJO;4. BAJO
PALENCIA 3;-4.53833;42.01944;2014-01-25;5. MUY BAJO;5. MUY BAJO;5. MUY BAJO;5. MUY BAJO;4. BAJO
PALENCIA 3;-4.53833;42.01944;2014-01-26;5. MUY BAJO;5. MUY BAJO;5. MUY BAJO;5. MUY BAJO;5. MUY BAJO
PALENCIA 3;-4.53833;42.01944;2014-01-27;5. MUY BAJO;5. MUY BAJO;5. MUY BAJO;5. MUY BAJO;3. MEDIO
PALENCIA 3;-4.53833;42.01944;2014-01-28;5. MUY BAJO;5. MUY BAJO;5. MUY BAJO;5. MUY BAJO;3. MEDIO
PALENCIA 3;-4.53833;42.01944;2014-01-29;5. MUY BAJO;5. MUY BAJO;5. MUY BAJO;5. MUY BAJO;3. MEDIO
PALENCIA 3;-4.53833;42.01944;2014-01-30;5. MUY BAJO;5. MUY BAJO;5. MUY BAJO;5. MUY BAJO;3. MEDIO
PALENCIA 3;-4.53833;42.01944;2014-01-31;5. MUY BAJO;5. MUY BAJO;5. MUY BAJO;5. MUY BAJO;3. MEDIO
PALENCIA 3;-4.53833;42.01944;2014-02-01;5. MUY BAJO;5. MUY BAJO;5. MUY BAJO;5. MUY BAJO;3. MEDIO
PALENCIA 3;-4.53833;42.01944;2014-02-02;5. MUY BAJO;5. MUY BAJO;5. MUY BAJO;5. MUY BAJO;4. BAJO
PALENCIA 3;-4.53833;42.01944;2014-02-03;5. MUY BAJO;5. MUY BAJO;5. MUY BAJO;5. MUY BAJO;4. BAJO
PALENCIA 3;-4.53833;42.01944;2014-02-04;5. MUY BAJO;5. MUY BAJO;5. MUY BAJO;5. MUY BAJO;3. MEDIO
PALENCIA 3;-4.53833;42.01944;2014-02-05;5. MUY BAJO;5. MUY BAJO;5. MUY BAJO;5. MUY BAJO;3. MEDIO
PALENCIA 3;-4.53833;42.01944;2014-02-06;5. MUY BAJO;5. MUY BAJO;5. MUY BAJO;5. MUY BAJO;3. MEDIO
PALENCIA 3;-4.53833;42.01944;2014-02-07;5. MUY BAJO;5. MUY BAJO;5. MUY BAJO;5. MUY BAJO;3. MEDIO
PALENCIA 3;-4.53833;42.01944;2014-02-08;5. MUY BAJO;5. MUY BAJO;5. MUY BAJO;;3. MEDIO
PALENCIA 3;-4.53833;42.01944;2014-02-09;5. MUY BAJO;5. MUY BAJO;5. MUY BAJO;;3. MEDIO
PALENCIA 3;-4.53833;42.01944;2014-02-10;5. MUY BAJO;5. MUY BAJO;5. MUY BAJO;5. MUY BAJO;3. MEDIO
PALENCIA 3;-4.53833;42.01944;2014-02-11;5. MUY BAJO;5. MUY BAJO;4. BAJO;5. MUY BAJO;4. BAJO
PALENCIA 3;-4.53833;42.01944;2014-02-12;5. MUY BAJO;5. MUY BAJO;5. MUY BAJO;5. MUY BAJO;4. BAJO
PALENCIA 3;-4.53833;42.01944;2014-02-13;5. MUY BAJO;5. MUY BAJO;5. MUY BAJO;5. MUY BAJO;3. MEDIO
PALENCIA 3;-4.53833;42.01944;2014-02-14;5. MUY BAJO;5. MUY BAJO;5. MUY BAJO;5. MUY BAJO;4. BAJO
PALENCIA 3;-4.53833;42.01944;2014-02-15;5. MUY BAJO;5. MUY BAJO;5. MUY BAJO;;3. MEDIO
PALENCIA 3;-4.53833;42.01944;2014-02-16;5. MUY BAJO;5. MUY BAJO;5. MUY BAJO;;4. BAJO
PALENCIA 3;-4.53833;42.01944;2014-02-17;5. MUY BAJO;5. MUY BAJO;3. MEDIO;5. MUY BAJO;5. MUY BAJO
PALENCIA 3;-4.53833;42.01944;2014-02-18;5. MUY BAJO;5. MUY BAJO;5. MUY BAJO;5. MUY BAJO;4. BAJO
PALENCIA 3;-4.53833;42.01944;2014-02-19;5. MUY BAJO;5. MUY BAJO;1. MUY ALTO;5. MUY BAJO;4. BAJO
PALENCIA 3;-4.53833;42.01944;2014-02-20;5. MUY BAJO;5. MUY BAJO;3. MEDIO;5. MUY BAJO;4. BAJO
PALENCIA 3;-4.53833;42.01944;2014-02-21;5. MUY BAJO;5. MUY BAJO;4. BAJO;;3. MEDIO
PALENCIA 3;-4.53833;42.01944;2014-02-22;5. MUY BAJO;5. MUY BAJO;3. MEDIO;;3. MEDIO
PALENCIA 3;-4.53833;42.01944;2014-02-23;5. MUY BAJO;5. MUY BAJO;2. ALTO;;4. BAJO
PALENCIA 3;-4.53833;42.01944;2014-02-24;5. MUY BAJO;5. MUY BAJO;3. MEDIO;;3. MEDIO
PALENCIA 3;-4.53833;42.01944;2014-02-25;5. MUY BAJO;5. MUY BAJO;4. BAJO;;3. MEDIO
PALENCIA 3;-4.53833;42.01944;2014-02-26;5. MUY BAJO;5. MUY BAJO;4. BAJO;;3. MEDIO
PALENCIA 3;-4.53833;42.01944;2014-02-27;5. MUY BAJO;5. MUY BAJO;4. BAJO;;3. MEDIO
PALENCIA 3;-4.53833;42.01944;2014-02-28;5. MUY BAJO;5. MUY BAJO;5. MUY BAJO;;2. ALTO
PALENCIA 3;-4.53833;42.01944;2014-03-01;5. MUY BAJO;5. MUY BAJO;5. MUY BAJO;;3. MEDIO
PALENCIA 3;-4.53833;42.01944;2014-03-02;5. MUY BAJO;5. MUY BAJO;5. MUY BAJO;;4. BAJO
PALENCIA 3;-4.53833;42.01944;2014-03-03;5. MUY BAJO;5. MUY BAJO;5. MUY BAJO;;3. MEDIO
PALENCIA 3;-4.53833;42.01944;2014-03-04;5. MUY BAJO;5. MUY BAJO;5. MUY BAJO;4. BAJO;3. MEDIO
PALENCIA 3;-4.53833;42.01944;2014-03-05;5. MUY BAJO;5. MUY BAJO;5. MUY BAJO;4. BAJO;4. BAJO
PALENCIA 3;-4.53833;42.01944;2014-03-06;5. MUY BAJO;5. MUY BAJO;4. BAJO;3. MEDIO;5. MUY BAJO
PALENCIA 3;-4.53833;42.01944;2014-03-07;4. BAJO;5. MUY BAJO;3. MEDIO;2. ALTO;4. BAJO
PALENCIA 3;-4.53833;42.01944;2014-03-08;5. MUY BAJO;5. MUY BAJO;3. MEDIO;2. ALTO;4. BAJO
PALENCIA 3;-4.53833;42.01944;2014-03-09;5. MUY BAJO;5. MUY BAJO;4. BAJO;3. MEDIO;3. MEDIO
PALENCIA 3;-4.53833;42.01944;2014-03-10;5. MUY BAJO;5. MUY BAJO;5. MUY BAJO;3. MEDIO;3. MEDIO
PALENCIA 3;-4.53833;42.01944;2014-03-11;5. MUY BAJO;5. MUY BAJO;5. MUY BAJO;3. MEDIO;2. ALTO
PALENCIA 3;-4.53833;42.01944;2014-03-12;5. MUY BAJO;5. MUY BAJO;4. BAJO;2. ALTO;2. ALTO
PALENCIA 3;-4.53833;42.01944;2014-03-13;5. MUY BAJO;5. MUY BAJO;3. MEDIO;2. ALTO;3. MEDIO
PALENCIA 3;-4.53833;42.01944;2014-03-14;5. MUY BAJO;5. MUY BAJO;4. BAJO;3. MEDIO;3. MEDIO
PALENCIA 3;-4.53833;42.01944;2014-03-15;5. MUY BAJO;5. MUY BAJO;5. MUY BAJO;;2. ALTO
PALENCIA 3;-4.53833;42.01944;2014-03-16;5. MUY BAJO;5. MUY BAJO;5. MUY BAJO;;2. ALTO
PALENCIA 3;-4.53833;42.01944;2014-03-17;5. MUY BAJO;5. MUY BAJO;3. MEDIO;;4. BAJO
PALENCIA 3;-4.53833;42.01944;2014-03-18;5. MUY BAJO;5. MUY BAJO;4. BAJO;2. ALTO;4. BAJO
PALENCIA 3;-4.53833;42.01944;2014-03-19;5. MUY BAJO;5. MUY BAJO;5. MUY BAJO;4. BAJO;3. MEDIO
PALENCIA 3;-4.53833;42.01944;2014-03-20;5. MUY BAJO;5. MUY BAJO;4. BAJO;3. MEDIO;4. BAJO
PALENCIA 3;-4.53833;42.01944;2014-03-21;5. MUY BAJO;5. MUY BAJO;5. MUY BAJO;4. BAJO;3. MEDIO
PALENCIA 3;-4.53833;42.01944;2014-03-22;5. MUY BAJO;5. MUY BAJO;5. MUY BAJO;5. MUY BAJO;3. MEDIO
PALENCIA 3;-4.53833;42.01944;2014-03-23;5. MUY BAJO;5. MUY BAJO;5. MUY BAJO;5. MUY BAJO;3. MEDIO
PALENCIA 3;-4.53833;42.01944;2014-03-24;5. MUY BAJO;5. MUY BAJO;5. MUY BAJO;5. MUY BAJO;3. MEDIO
PALENCIA 3;-4.53833;42.01944;2014-03-25;5. MUY BAJO;5. MUY BAJO;5. MUY BAJO;5. MUY BAJO;3. MEDIO
PALENCIA 3;-4.53833;42.01944;2014-03-26;3. MEDIO;5. MUY BAJO;5. MUY BAJO;5. MUY BAJO;3. MEDIO
PALENCIA 3;-4.53833;42.01944;2014-03-27;1. MUY ALTO;5. MUY BAJO;3. MEDIO;4. BAJO;4. BAJO
PALENCIA 3;-4.53833;42.01944;2014-03-28;1. MUY ALTO;5. MUY BAJO;3. MEDIO;3. MEDIO;4. BAJO
PALENCIA 3;-4.53833;42.01944;2014-03-29;3. MEDIO;5. MUY BAJO;5. MUY BAJO;4. BAJO;3. MEDIO
PALENCIA 3;-4.53833;42.01944;2014-03-30;5. MUY BAJO;5. MUY BAJO;5. MUY BAJO;5. MUY BAJO;3. MEDIO
PALENCIA 3;-4.53833;42.01944;2014-03-31;5. MUY BAJO;5. MUY BAJO;4. BAJO;5. MUY BAJO;3. MEDIO
PALENCIA 3;-4.53833;42.01944;2014-04-01;3. MEDIO;5. MUY BAJO;4. BAJO;5. MUY BAJO;3. MEDIO
PALENCIA 3;-4.53833;42.01944;2014-04-02;2. ALTO;5. MUY BAJO;3. MEDIO;5. MUY BAJO;4. BAJO
PALENCIA 3;-4.53833;42.01944;2014-04-03;5. MUY BAJO;5. MUY BAJO;5. MUY BAJO;5. MUY BAJO;3. MEDIO
PALENCIA 3;-4.53833;42.01944;2014-04-04;4. BAJO;5. MUY BAJO;5. MUY BAJO;5. MUY BAJO;3. MEDIO
PALENCIA 3;-4.53833;42.01944;2014-04-05;4. BAJO;5. MUY BAJO;5. MUY BAJO;5. MUY BAJO;4. BAJO
PALENCIA 3;-4.53833;42.01944;2014-04-06;1. MUY ALTO;5. MUY BAJO;4. BAJO;5. MUY BAJO;4. BAJO
PALENCIA 3;-4.53833;42.01944;2014-04-07;1. MUY ALTO;5. MUY BAJO;4. BAJO;5. MUY BAJO;4. BAJO
PALENCIA 3;-4.53833;42.01944;2014-04-08;1. MUY ALTO;5. MUY BAJO;5. MUY BAJO;5. MUY BAJO;3. MEDIO
PALENCIA 3;-4.53833;42.01944;2014-04-09;1. MUY ALTO;5. MUY BAJO;5. MUY BAJO;4. BAJO;3. MEDIO
PALENCIA 3;-4.53833;42.01944;2014-04-10;1. MUY ALTO;5. MUY BAJO;4. BAJO;4. BAJO;4. BAJO
PALENCIA 3;-4.53833;42.01944;2014-04-11;1. MUY ALTO;5. MUY BAJO;5. MUY BAJO;4. BAJO;3. MEDIO
PALENCIA 3;-4.53833;42.01944;2014-04-12;1. MUY ALTO;5. MUY BAJO;5. MUY BAJO;4. BAJO;2. ALTO
PALENCIA 3;-4.53833;42.01944;2014-04-13;1. MUY ALTO;5. MUY BAJO;5. MUY BAJO;4. BAJO;2. ALTO
PALENCIA 3;-4.53833;42.01944;2014-04-14;1. MUY ALTO;5. MUY BAJO;5. MUY BAJO;4. BAJO;2. ALTO
PALENCIA 3;-4.53833;42.01944;2014-04-15;4. BAJO;5. MUY BAJO;4. BAJO;4. BAJO;3. MEDIO
PALENCIA 3;-4.53833;42.01944;2014-04-16;2. ALTO;5. MUY BAJO;4. BAJO;4. BAJO;3. MEDIO
PALENCIA 3;-4.53833;42.01944;2014-04-17;1. MUY ALTO;5. MUY BAJO;5. MUY BAJO;5. MUY BAJO;2. ALTO
PALENCIA 3;-4.53833;42.01944;2014-04-18;3. MEDIO;5. MUY BAJO;5. MUY BAJO;5. MUY BAJO;2. ALTO
PALENCIA 3;-4.53833;42.01944;2014-04-19;1. MUY ALTO;5. MUY BAJO;5. MUY BAJO;5. MUY BAJO;2. ALTO
PALENCIA 3;-4.53833;42.01944;2014-04-20;5. MUY BAJO;5. MUY BAJO;5. MUY BAJO;5. MUY BAJO;3. MEDIO
PALENCIA 3;-4.53833;42.01944;2014-04-21;4. BAJO;5. MUY BAJO;5. MUY BAJO;5. MUY BAJO;4. BAJO
PALENCIA 3;-4.53833;42.01944;2014-04-22;5. MUY BAJO;5. MUY BAJO;5. MUY BAJO;5. MUY BAJO;3. MEDIO
PALENCIA 3;-4.53833;42.01944;2014-04-23;5. MUY BAJO;5. MUY BAJO;5. MUY BAJO;5. MUY BAJO;3. MEDIO
PALENCIA 3;-4.53833;42.01944;2014-04-24;5. MUY BAJO;5. MUY BAJO;5. MUY BAJO;4. BAJO;3. MEDIO
PALENCIA 3;-4.53833;42.01944;2014-04-25;5. MUY BAJO;5. MUY BAJO;5. MUY BAJO;4. BAJO;2. ALTO
PALENCIA 3;-4.53833;42.01944;2014-04-26;5. MUY BAJO;5. MUY BAJO;5. MUY BAJO;5. MUY BAJO;3. MEDIO
PALENCIA 3;-4.53833;42.01944;2014-04-27;5. MUY BAJO;5. MUY BAJO;5. MUY BAJO;4. BAJO;3. MEDIO
PALENCIA 3;-4.53833;42.01944;2014-04-28;5. MUY BAJO;5. MUY BAJO;5. MUY BAJO;4. BAJO;4. BAJO
PALENCIA 3;-4.53833;42.01944;2014-04-29;5. MUY BAJO;5. MUY BAJO;5. MUY BAJO;4. BAJO;4. BAJO
PALENCIA 3;-4.53833;42.01944;2014-04-30;5. MUY BAJO;5. MUY BAJO;5. MUY BAJO;4. BAJO;4. BAJO
PALENCIA 3;-4.53833;42.01944;2014-05-01;5. MUY BAJO;5. MUY BAJO;5. MUY BAJO;4. BAJO;3. MEDIO
PALENCIA 3;-4.53833;42.01944;2014-05-02;5. MUY BAJO;5. MUY BAJO;5. MUY BAJO;4. BAJO;3. MEDIO
PALENCIA 3;-4.53833;42.01944;2014-05-03;5. MUY BAJO;5. MUY BAJO;5. MUY BAJO;4. BAJO;2. ALTO
PALENCIA 3;-4.53833;42.01944;2014-05-04;5. MUY BAJO;5. MUY BAJO;5. MUY BAJO;4. BAJO;2. ALTO
PALENCIA 3;-4.53833;42.01944;2014-05-05;5. MUY BAJO;5. MUY BAJO;4. BAJO;3. MEDIO;3. MEDIO
PALENCIA 3;-4.53833;42.01944;2014-05-06;5. MUY BAJO;5. MUY BAJO;5. MUY BAJO;3. MEDIO;3. MEDIO
PALENCIA 3;-4.53833;42.01944;2014-05-07;5. MUY BAJO;5. MUY BAJO;5. MUY BAJO;3. MEDIO;3. MEDIO
PALENCIA 3;-4.53833;42.01944;2014-05-08;5. MUY BAJO;5. MUY BAJO;5. MUY BAJO;3. MEDIO;2. ALTO
PALENCIA 3;-4.53833;42.01944;2014-05-09;5. MUY BAJO;5. MUY BAJO;5. MUY BAJO;4. BAJO;3. MEDIO
PALENCIA 3;-4.53833;42.01944;2014-05-10;5. MUY BAJO;5. MUY BAJO;5. MUY BAJO;4. BAJO;3. MEDIO
PALENCIA 3;-4.53833;42.01944;2014-05-11;5. MUY BAJO;5. MUY BAJO;5. MUY BAJO;4. BAJO;3. MEDIO
PALENCIA 3;-4.53833;42.01944;2014-05-12;5. MUY BAJO;5. MUY BAJO;5. MUY BAJO;3. MEDIO;3. MEDIO
PALENCIA 3;-4.53833;42.01944;2014-05-13;5. MUY BAJO;5. MUY BAJO;5. MUY BAJO;4. BAJO;3. MEDIO
PALENCIA 3;-4.53833;42.01944;2014-05-14;5. MUY BAJO;5. MUY BAJO;5. MUY BAJO;4. BAJO;2. ALTO
PALENCIA 3;-4.53833;42.01944;2014-05-15;5. MUY BAJO;5. MUY BAJO;5. MUY BAJO;3. MEDIO;2. ALTO
PALENCIA 3;-4.53833;42.01944;2014-05-16;5. MUY BAJO;5. MUY BAJO;5. MUY BAJO;2. ALTO;1. MUY ALTO
PALENCIA 3;-4.53833;42.01944;2014-05-17;5. MUY BAJO;5. MUY BAJO;5. MUY BAJO;4. BAJO;1. MUY ALTO
PALENCIA 3;-4.53833;42.01944;2014-05-18;5. MUY BAJO;5. MUY BAJO;5. MUY BAJO;4. BAJO;2. ALTO
PALENCIA 3;-4.53833;42.01944;2014-05-19;5. MUY BAJO;5. MUY BAJO;5. MUY BAJO;3. MEDIO;2. ALTO
PALENCIA 3;-4.53833;42.01944;2014-05-20;5. MUY BAJO;5. MUY BAJO;5. MUY BAJO;5. MUY BAJO;3. MEDIO
PALENCIA 3;-4.53833;42.01944;2014-05-21;5. MUY BAJO;5. MUY BAJO;5. MUY BAJO;5. MUY BAJO;2. ALTO
PALENCIA 3;-4.53833;42.01944;2014-05-22;5. MUY BAJO;5. MUY BAJO;5. MUY BAJO;5. MUY BAJO;2. ALTO
PALENCIA 3;-4.53833;42.01944;2014-05-23;5. MUY BAJO;5. MUY BAJO;5. MUY BAJO;5. MUY BAJO;2. ALTO
PALENCIA 3;-4.53833;42.01944;2014-05-24;5. MUY BAJO;5. MUY BAJO;5. MUY BAJO;5. MUY BAJO;3. MEDIO
PALENCIA 3;-4.53833;42.01944;2014-05-25;5. MUY BAJO;5. MUY BAJO;5. MUY BAJO;5. MUY BAJO;3. MEDIO
PALENCIA 3;-4.53833;42.01944;2014-05-26;5. MUY BAJO;5. MUY BAJO;5. MUY BAJO;5. MUY BAJO;3. MEDIO
PALENCIA 3;-4.53833;42.01944;2014-05-27;5. MUY BAJO;5. MUY BAJO;5. MUY BAJO;5. MUY BAJO;3. MEDIO
PALENCIA 3;-4.53833;42.01944;2014-05-28;5. MUY BAJO;5. MUY BAJO;5. MUY BAJO;5. MUY BAJO;3. MEDIO
PALENCIA 3;-4.53833;42.01944;2014-05-29;5. MUY BAJO;5. MUY BAJO;5. MUY BAJO;5. MUY BAJO;3. MEDIO
PALENCIA 3;-4.53833;42.01944;2014-05-30;5. MUY BAJO;5. MUY BAJO;5. MUY BAJO;5. MUY BAJO;3. MEDIO
PALENCIA 3;-4.53833;42.01944;2014-05-31;5. MUY BAJO;5. MUY BAJO;5. MUY BAJO;5. MUY BAJO;2. ALTO
PALENCIA 3;-4.53833;42.01944;2014-06-01;5. MUY BAJO;5. MUY BAJO;5. MUY BAJO;5. MUY BAJO;2. ALTO
PALENCIA 3;-4.53833;42.01944;2014-06-02;5. MUY BAJO;5. MUY BAJO;5. MUY BAJO;5. MUY BAJO;2. ALTO
PALENCIA 3;-4.53833;42.01944;2014-06-03;5. MUY BAJO;5. MUY BAJO;5. MUY BAJO;4. BAJO;3. MEDIO
PALENCIA 3;-4.53833;42.01944;2014-06-04;5. MUY BAJO;5. MUY BAJO;5. MUY BAJO;5. MUY BAJO;3. MEDIO
PALENCIA 3;-4.53833;42.01944;2014-06-05;5. MUY BAJO;5. MUY BAJO;5. MUY BAJO;4. BAJO;3. MEDIO
PALENCIA 3;-4.53833;42.01944;2014-06-06;5. MUY BAJO;5. MUY BAJO;5. MUY BAJO;;3. MEDIO
PALENCIA 3;-4.53833;42.01944;2014-06-07;5. MUY BAJO;5. MUY BAJO;5. MUY BAJO;5. MUY BAJO;3. MEDIO
PALENCIA 3;-4.53833;42.01944;2014-06-08;5. MUY BAJO;5. MUY BAJO;5. MUY BAJO;5. MUY BAJO;3. MEDIO
PALENCIA 3;-4.53833;42.01944;2014-06-09;5. MUY BAJO;5. MUY BAJO;5. MUY BAJO;4. BAJO;3. MEDIO
PALENCIA 3;-4.53833;42.01944;2014-06-10;5. MUY BAJO;5. MUY BAJO;5. MUY BAJO;3. MEDIO;3. MEDIO
PALENCIA 3;-4.53833;42.01944;2014-06-11;5. MUY BAJO;5. MUY BAJO;5. MUY BAJO;4. BAJO;2. ALTO
PALENCIA 3;-4.53833;42.01944;2014-06-12;5. MUY BAJO;5. MUY BAJO;5. MUY BAJO;3. MEDIO;2. ALTO
PALENCIA 3;-4.53833;42.01944;2014-06-13;5. MUY BAJO;5. MUY BAJO;5. MUY BAJO;4. BAJO;
PALENCIA 3;-4.53833;42.01944;2014-06-14;5. MUY BAJO;5. MUY BAJO;5. MUY BAJO;;
PALENCIA 3;-4.53833;42.01944;2014-06-15;5. MUY BAJO;5. MUY BAJO;5. MUY BAJO;3. MEDIO;2. ALTO
PALENCIA 3;-4.53833;42.01944;2014-06-16;5. MUY BAJO;5. MUY BAJO;5. MUY BAJO;;2. ALTO
PALENCIA 3;-4.53833;42.01944;2014-06-17;5. MUY BAJO;5. MUY BAJO;5. MUY BAJO;;2. ALTO
PALENCIA 3;-4.53833;42.01944;2014-06-18;5. MUY BAJO;5. MUY BAJO;5. MUY BAJO;;2. ALTO
PALENCIA 3;-4.53833;42.01944;2014-06-19;5. MUY BAJO;5. MUY BAJO;5. MUY BAJO;3. MEDIO;2. ALTO
PALENCIA 3;-4.53833;42.01944;2014-06-20;5. MUY BAJO;5. MUY BAJO;5. MUY BAJO;2. ALTO;2. ALTO
PALENCIA 3;-4.53833;42.01944;2014-06-21;5. MUY BAJO;5. MUY BAJO;5. MUY BAJO;4. BAJO;3. MEDIO
PALENCIA 3;-4.53833;42.01944;2014-06-22;5. MUY BAJO;5. MUY BAJO;5. MUY BAJO;4. BAJO;3. MEDIO
PALENCIA 3;-4.53833;42.01944;2014-06-23;5. MUY BAJO;5. MUY BAJO;5. MUY BAJO;4. BAJO;3. MEDIO
PALENCIA 3;-4.53833;42.01944;2014-06-24;5. MUY BAJO;5. MUY BAJO;5. MUY BAJO;5. MUY BAJO;3. MEDIO
PALENCIA 3;-4.53833;42.01944;2014-06-25;5. MUY BAJO;5. MUY BAJO;5. MUY BAJO;4. BAJO;2. ALTO
PALENCIA 3;-4.53833;42.01944;2014-06-26;5. MUY BAJO;5. MUY BAJO;5. MUY BAJO;4. BAJO;2. ALTO
PALENCIA 3;-4.53833;42.01944;2014-06-27;5. MUY BAJO;5. MUY BAJO;5. MUY BAJO;4. BAJO;3. MEDIO
PALENCIA 3;-4.53833;42.01944;2014-06-28;5. MUY BAJO;5. MUY BAJO;5. MUY BAJO;5. MUY BAJO;3. MEDIO
PALENCIA 3;-4.53833;42.01944;2014-06-29;5. MUY BAJO;5. MUY BAJO;5. MUY BAJO;5. MUY BAJO;3. MEDIO
PALENCIA 3;-4.53833;42.01944;2014-06-30;5. MUY BAJO;5. MUY BAJO;5. MUY BAJO;5. MUY BAJO;3. MEDIO
PALENCIA 3;-4.53833;42.01944;2014-07-01;5. MUY BAJO;5. MUY BAJO;5. MUY BAJO;5. MUY BAJO;3. MEDIO
PALENCIA 3;-4.53833;42.01944;2014-07-02;5. MUY BAJO;5. MUY BAJO;5. MUY BAJO;1. MUY ALTO;3. MEDIO
PALENCIA 3;-4.53833;42.01944;2014-07-03;5. MUY BAJO;5. MUY BAJO;5. MUY BAJO;2. ALTO;3. MEDIO
PALENCIA 3;-4.53833;42.01944;2014-07-04;5. MUY BAJO;5. MUY BAJO;5. MUY BAJO;5. MUY BAJO;2. ALTO
PALENCIA 3;-4.53833;42.01944;2014-07-05;5. MUY BAJO;5. MUY BAJO;5. MUY BAJO;5. MUY BAJO;3. MEDIO
PALENCIA 3;-4.53833;42.01944;2014-07-06;5. MUY BAJO;5. MUY BAJO;5. MUY BAJO;5. MUY BAJO;4. BAJO
PALENCIA 3;-4.53833;42.01944;2014-07-07;5. MUY BAJO;5. MUY BAJO;5. MUY BAJO;5. MUY BAJO;3. MEDIO
PALENCIA 3;-4.53833;42.01944;2014-07-08;5. MUY BAJO;5. MUY BAJO;5. MUY BAJO;5. MUY BAJO;3. MEDIO
PALENCIA 3;-4.53833;42.01944;2014-07-09;5. MUY BAJO;5. MUY BAJO;5. MUY BAJO;;3. MEDIO
PALENCIA 3;-4.53833;42.01944;2014-07-10;5. MUY BAJO;5. MUY BAJO;5. MUY BAJO;;3. MEDIO
PALENCIA 3;-4.53833;42.01944;2014-07-11;5. MUY BAJO;5. MUY BAJO;5. MUY BAJO;4. BAJO;4. BAJO
PALENCIA 3;-4.53833;42.01944;2014-07-12;5. MUY BAJO;5. MUY BAJO;5. MUY BAJO;5. MUY BAJO;3. MEDIO
PALENCIA 3;-4.53833;42.01944;2014-07-13;5. MUY BAJO;5. MUY BAJO;5. MUY BAJO;5. MUY BAJO;3. MEDIO
PALENCIA 3;-4.53833;42.01944;2014-07-14;5. MUY BAJO;5. MUY BAJO;5. MUY BAJO;4. BAJO;2. ALTO
PALENCIA 3;-4.53833;42.01944;2014-07-15;5. MUY BAJO;5. MUY BAJO;5. MUY BAJO;4. BAJO;2. ALTO
PALENCIA 3;-4.53833;42.01944;2014-07-16;5. MUY BAJO;5. MUY BAJO;4. BAJO;3. MEDIO;2. ALTO
PALENCIA 3;-4.53833;42.01944;2014-07-17;5. MUY BAJO;5. MUY BAJO;4. BAJO;1. MUY ALTO;3. MEDIO
PALENCIA 3;-4.53833;42.01944;2014-07-18;5. MUY BAJO;5. MUY BAJO;5. MUY BAJO;1. MUY ALTO;4. BAJO
PALENCIA 3;-4.53833;42.01944;2014-07-19;5. MUY BAJO;5. MUY BAJO;5. MUY BAJO;5. MUY BAJO;4. BAJO
PALENCIA 3;-4.53833;42.01944;2014-07-20;5. MUY BAJO;5. MUY BAJO;5. MUY BAJO;5. MUY BAJO;4. BAJO
PALENCIA 3;-4.53833;42.01944;2014-07-21;5. MUY BAJO;5. MUY BAJO;5. MUY BAJO;5. MUY BAJO;4. BAJO
PALENCIA 3;-4.53833;42.01944;2014-07-22;5. MUY BAJO;5. MUY BAJO;5. MUY BAJO;4. BAJO;4. BAJO
PALENCIA 3;-4.53833;42.01944;2014-07-23;5. MUY BAJO;5. MUY BAJO;5. MUY BAJO;4. BAJO;3. MEDIO
PALENCIA 3;-4.53833;42.01944;2014-07-24;5. MUY BAJO;5. MUY BAJO;5. MUY BAJO;1. MUY ALTO;2. ALTO
PALENCIA 3;-4.53833;42.01944;2014-07-25;5. MUY BAJO;5. MUY BAJO;5. MUY BAJO;3. MEDIO;2. ALTO
PALENCIA 3;-4.53833;42.01944;2014-07-26;5. MUY BAJO;5. MUY BAJO;5. MUY BAJO;4. BAJO;1. MUY ALTO
PALENCIA 3;-4.53833;42.01944;2014-07-27;5. MUY BAJO;5. MUY BAJO;5. MUY BAJO;;1. MUY ALTO
PALENCIA 3;-4.53833;42.01944;2014-07-28;5. MUY BAJO;5. MUY BAJO;5. MUY BAJO;;2. ALTO
PALENCIA 3;-4.53833;42.01944;2014-07-29;5. MUY BAJO;5. MUY BAJO;5. MUY BAJO;;3. MEDIO
PALENCIA 3;-4.53833;42.01944;2014-07-30;5. MUY BAJO;5. MUY BAJO;5. MUY BAJO;3. MEDIO;3. MEDIO
PALENCIA 3;-4.53833;42.01944;2014-07-31;5. MUY BAJO;5. MUY BAJO;5. MUY BAJO;4. BAJO;3. MEDIO
PALENCIA 3;-4.53833;42.01944;2014-08-01;5. MUY BAJO;5. MUY BAJO;5. MUY BAJO;4. BAJO;3. MEDIO
PALENCIA 3;-4.53833;42.01944;2014-08-02;5. MUY BAJO;5. MUY BAJO;5. MUY BAJO;5. MUY BAJO;4. BAJO
PALENCIA 3;-4.53833;42.01944;2014-08-03;5. MUY BAJO;5. MUY BAJO;5. MUY BAJO;5. MUY BAJO;4. BAJO
PALENCIA 3;-4.53833;42.01944;2014-08-04;5. MUY BAJO;5. MUY BAJO;5. MUY BAJO;4. BAJO;3. MEDIO
PALENCIA 3;-4.53833;42.01944;2014-08-05;5. MUY BAJO;5. MUY BAJO;5. MUY BAJO;4. BAJO;3. MEDIO
PALENCIA 3;-4.53833;42.01944;2014-08-06;5. MUY BAJO;5. MUY BAJO;5. MUY BAJO;4. BAJO;3. MEDIO
PALENCIA 3;-4.53833;42.01944;2014-08-07;5. MUY BAJO;5. MUY BAJO;5. MUY BAJO;4. BAJO;4. BAJO
PALENCIA 3;-4.53833;42.01944;2014-08-08;5. MUY BAJO;5. MUY BAJO;5. MUY BAJO;5. MUY BAJO;4. BAJO
PALENCIA 3;-4.53833;42.01944;2014-08-09;5. MUY BAJO;5. MUY BAJO;5. MUY BAJO;5. MUY BAJO;4. BAJO
PALENCIA 3;-4.53833;42.01944;2014-08-10;5. MUY BAJO;5. MUY BAJO;5. MUY BAJO;5. MUY BAJO;4. BAJO
PALENCIA 3;-4.53833;42.01944;2014-08-11;5. MUY BAJO;5. MUY BAJO;5. MUY BAJO;4. BAJO;4. BAJO
PALENCIA 3;-4.53833;42.01944;2014-08-12;5. MUY BAJO;5. MUY BAJO;5. MUY BAJO;5. MUY BAJO;4. BAJO
PALENCIA 3;-4.53833;42.01944;2014-08-13;5. MUY BAJO;5. MUY BAJO;5. MUY BAJO;5. MUY BAJO;4. BAJO
PALENCIA 3;-4.53833;42.01944;2014-08-14;5. MUY BAJO;5. MUY BAJO;5. MUY BAJO;5. MUY BAJO;4. BAJO
PALENCIA 3;-4.53833;42.01944;2014-08-15;5. MUY BAJO;5. MUY BAJO;5. MUY BAJO;5. MUY BAJO;3. MEDIO
PALENCIA 3;-4.53833;42.01944;2014-08-16;5. MUY BAJO;5. MUY BAJO;5. MUY BAJO;5. MUY BAJO;3. MEDIO
PALENCIA 3;-4.53833;42.01944;2014-08-17;5. MUY BAJO;5. MUY BAJO;5. MUY BAJO;5. MUY BAJO;3. MEDIO
PALENCIA 3;-4.53833;42.01944;2014-08-18;5. MUY BAJO;5. MUY BAJO;5. MUY BAJO;3. MEDIO;3. MEDIO
PALENCIA 3;-4.53833;42.01944;2014-08-19;5. MUY BAJO;5. MUY BAJO;5. MUY BAJO;5. MUY BAJO;3. MEDIO
PALENCIA 3;-4.53833;42.01944;2014-08-20;5. MUY BAJO;5. MUY BAJO;5. MUY BAJO;4. BAJO;3. MEDIO
PALENCIA 3;-4.53833;42.01944;2014-08-21;5. MUY BAJO;5. MUY BAJO;5. MUY BAJO;5. MUY BAJO;4. BAJO
PALENCIA 3;-4.53833;42.01944;2014-08-22;5. MUY BAJO;5. MUY BAJO;5. MUY BAJO;5. MUY BAJO;3. MEDIO
PALENCIA 3;-4.53833;42.01944;2014-08-23;5. MUY BAJO;5. MUY BAJO;5. MUY BAJO;5. MUY BAJO;3. MEDIO
PALENCIA 3;-4.53833;42.01944;2014-08-24;5. MUY BAJO;5. MUY BAJO;5. MUY BAJO;5. MUY BAJO;3. MEDIO
PALENCIA 3;-4.53833;42.01944;2014-08-25;5. MUY BAJO;5. MUY BAJO;5. MUY BAJO;4. BAJO;4. BAJO
PALENCIA 3;-4.53833;42.01944;2014-08-26;5. MUY BAJO;5. MUY BAJO;5. MUY BAJO;5. MUY BAJO;4. BAJO
PALENCIA 3;-4.53833;42.01944;2014-08-27;5. MUY BAJO;5. MUY BAJO;5. MUY BAJO;5. MUY BAJO;5. MUY BAJO
PALENCIA 3;-4.53833;42.01944;2014-08-28;5. MUY BAJO;5. MUY BAJO;5. MUY BAJO;5. MUY BAJO;5. MUY BAJO
PALENCIA 3;-4.53833;42.01944;2014-08-29;5. MUY BAJO;5. MUY BAJO;5. MUY BAJO;5. MUY BAJO;3. MEDIO
PALENCIA 3;-4.53833;42.01944;2014-08-30;5. MUY BAJO;5. MUY BAJO;5. MUY BAJO;5. MUY BAJO;3. MEDIO
PALENCIA 3;-4.53833;42.01944;2014-08-31;5. MUY BAJO;5. MUY BAJO;5. MUY BAJO;5. MUY BAJO;4. BAJO
PALENCIA 3;-4.53833;42.01944;2014-09-01;5. MUY BAJO;5. MUY BAJO;5. MUY BAJO;5. MUY BAJO;3. MEDIO
PALENCIA 3;-4.53833;42.01944;2014-09-02;5. MUY BAJO;5. MUY BAJO;5. MUY BAJO;4. BAJO;3. MEDIO
PALENCIA 3;-4.53833;42.01944;2014-09-03;5. MUY BAJO;5. MUY BAJO;5. MUY BAJO;3. MEDIO;3. MEDIO
PALENCIA 3;-4.53833;42.01944;2014-09-04;5. MUY BAJO;5. MUY BAJO;5. MUY BAJO;4. BAJO;4. BAJO
PALENCIA 3;-4.53833;42.01944;2014-09-05;5. MUY BAJO;5. MUY BAJO;4. BAJO;3. MEDIO;4. BAJO
PALENCIA 3;-4.53833;42.01944;2014-09-06;5. MUY BAJO;5. MUY BAJO;5. MUY BAJO;4. BAJO;4. BAJO
PALENCIA 3;-4.53833;42.01944;2014-09-07;5. MUY BAJO;5. MUY BAJO;5. MUY BAJO;5. MUY BAJO;4. BAJO
PALENCIA 3;-4.53833;42.01944;2014-09-08;5. MUY BAJO;5. MUY BAJO;4. BAJO;5. MUY BAJO;4. BAJO
PALENCIA 3;-4.53833;42.01944;2014-09-09;5. MUY BAJO;5. MUY BAJO;4. BAJO;4. BAJO;4. BAJO
PALENCIA 3;-4.53833;42.01944;2014-09-10;5. MUY BAJO;5. MUY BAJO;4. BAJO;3. MEDIO;3. MEDIO
PALENCIA 3;-4.53833;42.01944;2014-09-11;5. MUY BAJO;5. MUY BAJO;5. MUY BAJO;5. MUY BAJO;3. MEDIO
PALENCIA 3;-4.53833;42.01944;2014-09-12;5. MUY BAJO;5. MUY BAJO;5. MUY BAJO;4. BAJO;4. BAJO
PALENCIA 3;-4.53833;42.01944;2014-09-13;5. MUY BAJO;5. MUY BAJO;5. MUY BAJO;4. BAJO;3. MEDIO
PALENCIA 3;-4.53833;42.01944;2014-09-14;5. MUY BAJO;5. MUY BAJO;5. MUY BAJO;4. BAJO;4. BAJO
PALENCIA 3;-4.53833;42.01944;2014-09-15;5. MUY BAJO;5. MUY BAJO;5. MUY BAJO;5. MUY BAJO;4. BAJO
PALENCIA 3;-4.53833;42.01944;2014-09-16;5. MUY BAJO;5. MUY BAJO;5. MUY BAJO;4. BAJO;4. BAJO
PALENCIA 3;-4.53833;42.01944;2014-09-17;5. MUY BAJO;5. MUY BAJO;5. MUY BAJO;5. MUY BAJO;4. BAJO
PALENCIA 3;-4.53833;42.01944;2014-09-18;5. MUY BAJO;5. MUY BAJO;5. MUY BAJO;5. MUY BAJO;4. BAJO
PALENCIA 3;-4.53833;42.01944;2014-09-19;5. MUY BAJO;5. MUY BAJO;4. BAJO;5. MUY BAJO;4. BAJO
PALENCIA 3;-4.53833;42.01944;2014-09-20;5. MUY BAJO;5. MUY BAJO;4. BAJO;5. MUY BAJO;5. MUY BAJO
PALENCIA 3;-4.53833;42.01944;2014-09-21;5. MUY BAJO;5. MUY BAJO;5. MUY BAJO;5. MUY BAJO;4. BAJO
PALENCIA 3;-4.53833;42.01944;2014-09-22;5. MUY BAJO;5. MUY BAJO;5. MUY BAJO;5. MUY BAJO;4. BAJO
PALENCIA 3;-4.53833;42.01944;2014-09-23;5. MUY BAJO;5. MUY BAJO;5. MUY BAJO;4. BAJO;4. BAJO
PALENCIA 3;-4.53833;42.01944;2014-09-24;5. MUY BAJO;5. MUY BAJO;5. MUY BAJO;3. MEDIO;3. MEDIO
PALENCIA 3;-4.53833;42.01944;2014-09-25;5. MUY BAJO;5. MUY BAJO;5. MUY BAJO;3. MEDIO;3. MEDIO
PALENCIA 3;-4.53833;42.01944;2014-09-26;5. MUY BAJO;5. MUY BAJO;4. BAJO;3. MEDIO;4. BAJO
PALENCIA 3;-4.53833;42.01944;2014-09-27;5. MUY BAJO;5. MUY BAJO;5. MUY BAJO;4. BAJO;4. BAJO
PALENCIA 3;-4.53833;42.01944;2014-09-28;5. MUY BAJO;5. MUY BAJO;5. MUY BAJO;5. MUY BAJO;4. BAJO
PALENCIA 3;-4.53833;42.01944;2014-09-29;5. MUY BAJO;5. MUY BAJO;4. BAJO;4. BAJO;5. MUY BAJO
PALENCIA 3;-4.53833;42.01944;2014-09-30;5. MUY BAJO;5. MUY BAJO;5. MUY BAJO;4. BAJO;4. BAJO
PALENCIA 3;-4.53833;42.01944;2014-10-01;5. MUY BAJO;5. MUY BAJO;5. MUY BAJO;4. BAJO;4. BAJO
PALENCIA 3;-4.53833;42.01944;2014-10-02;5. MUY BAJO;5. MUY BAJO;5. MUY BAJO;4. BAJO;4. BAJO
PALENCIA 3;-4.53833;42.01944;2014-10-03;5. MUY BAJO;5. MUY BAJO;4. BAJO;3. MEDIO;4. BAJO
PALENCIA 3;-4.53833;42.01944;2014-10-04;5. MUY BAJO;5. MUY BAJO;4. BAJO;3. MEDIO;4. BAJO
PALENCIA 3;-4.53833;42.01944;2014-10-05;5. MUY BAJO;5. MUY BAJO;5. MUY BAJO;5. MUY BAJO;4. BAJO
PALENCIA 3;-4.53833;42.01944;2014-10-06;5. MUY BAJO;5. MUY BAJO;5. MUY BAJO;4. BAJO;5. MUY BAJO
PALENCIA 3;-4.53833;42.01944;2014-10-07;5. MUY BAJO;5. MUY BAJO;5. MUY BAJO;5. MUY BAJO;4. BAJO
PALENCIA 3;-4.53833;42.01944;2014-10-08;5. MUY BAJO;5. MUY BAJO;5. MUY BAJO;5. MUY BAJO;5. MUY BAJO
PALENCIA 3;-4.53833;42.01944;2014-10-09;5. MUY BAJO;5. MUY BAJO;5. MUY BAJO;5. MUY BAJO;4. BAJO
PALENCIA 3;-4.53833;42.01944;2014-10-10;5. MUY BAJO;5. MUY BAJO;4. BAJO;4. BAJO;5. MUY BAJO
PALENCIA 3;-4.53833;42.01944;2014-10-11;5. MUY BAJO;5. MUY BAJO;5. MUY BAJO;5. MUY BAJO;5. MUY BAJO
PALENCIA 3;-4.53833;42.01944;2014-10-12;5. MUY BAJO;5. MUY BAJO;5. MUY BAJO;5. MUY BAJO;4. BAJO
PALENCIA 3;-4.53833;42.01944;2014-10-13;5. MUY BAJO;5. MUY BAJO;5. MUY BAJO;5. MUY BAJO;4. BAJO
PALENCIA 3;-4.53833;42.01944;2014-10-14;5. MUY BAJO;5. MUY BAJO;5. MUY BAJO;5. MUY BAJO;4. BAJO
PALENCIA 3;-4.53833;42.01944;2014-10-15;5. MUY BAJO;5. MUY BAJO;5. MUY BAJO;5. MUY BAJO;5. MUY BAJO
PALENCIA 3;-4.53833;42.01944;2014-10-16;5. MUY BAJO;5. MUY BAJO;5. MUY BAJO;5. MUY BAJO;4. BAJO
PALENCIA 3;-4.53833;42.01944;2014-10-17;5. MUY BAJO;5. MUY BAJO;5. MUY BAJO;4. BAJO;5. MUY BAJO
PALENCIA 3;-4.53833;42.01944;2014-10-20;;;;;
PALENCIA 3;-4.53833;42.01944;2014-10-21;5. MUY BAJO;5. MUY BAJO;4. BAJO;1. MUY ALTO;5. MUY BAJO
PALENCIA 3;-4.53833;42.01944;2014-10-22;5. MUY BAJO;5. MUY BAJO;4. BAJO;4. BAJO;5. MUY BAJO
PALENCIA 3;-4.53833;42.01944;2014-10-23;5. MUY BAJO;4. BAJO;3. MEDIO;2. ALTO;5. MUY BAJO
PALENCIA 3;-4.53833;42.01944;2014-10-24;5. MUY BAJO;3. MEDIO;3. MEDIO;1. MUY ALTO;5. MUY BAJO
PALENCIA 3;-4.53833;42.01944;2014-10-25;5. MUY BAJO;5. MUY BAJO;3. MEDIO;1. MUY ALTO;5. MUY BAJO
PALENCIA 3;-4.53833;42.01944;2014-10-26;5. MUY BAJO;5. MUY BAJO;3. MEDIO;2. ALTO;5. MUY BAJO
PALENCIA 3;-4.53833;42.01944;2014-10-27;5. MUY BAJO;4. BAJO;3. MEDIO;1. MUY ALTO;5. MUY BAJO
PALENCIA 3;-4.53833;42.01944;2014-10-28;5. MUY BAJO;5. MUY BAJO;3. MEDIO;1. MUY ALTO;5. MUY BAJO
PALENCIA 3;-4.53833;42.01944;2014-10-29;5. MUY BAJO;4. BAJO;2. ALTO;1. MUY ALTO;5. MUY BAJO
PALENCIA 3;-4.53833;42.01944;2014-10-30;5. MUY BAJO;3. MEDIO;2. ALTO;1. MUY ALTO;5. MUY BAJO
PALENCIA 3;-4.53833;42.01944;2014-10-31;5. MUY BAJO;4. BAJO;2. ALTO;1. MUY ALTO;5. MUY BAJO
PALENCIA 3;-4.53833;42.01944;2014-11-01;5. MUY BAJO;5. MUY BAJO;3. MEDIO;2. ALTO;5. MUY BAJO
PALENCIA 3;-4.53833;42.01944;2014-11-02;5. MUY BAJO;5. MUY BAJO;5. MUY BAJO;4. BAJO;4. BAJO
PALENCIA 3;-4.53833;42.01944;2014-11-03;5. MUY BAJO;5. MUY BAJO;5. MUY BAJO;5. MUY BAJO;4. BAJO
PALENCIA 3;-4.53833;42.01944;2014-11-04;5. MUY BAJO;5. MUY BAJO;5. MUY BAJO;5. MUY BAJO;4. BAJO
PALENCIA 3;-4.53833;42.01944;2014-11-05;5. MUY BAJO;5. MUY BAJO;5. MUY BAJO;5. MUY BAJO;4. BAJO
PALENCIA 3;-4.53833;42.01944;2014-11-06;5. MUY BAJO;5. MUY BAJO;5. MUY BAJO;5. MUY BAJO;4. BAJO
PALENCIA 3;-4.53833;42.01944;2014-11-07;5. MUY BAJO;5. MUY BAJO;5. MUY BAJO;5. MUY BAJO;4. BAJO
PALENCIA 3;-4.53833;42.01944;2014-11-08;5. MUY BAJO;5. MUY BAJO;5. MUY BAJO;5. MUY BAJO;4. BAJO
PALENCIA 3;-4.53833;42.01944;2014-11-09;5. MUY BAJO;5. MUY BAJO;5. MUY BAJO;5. MUY BAJO;3. MEDIO
PALENCIA 3;-4.53833;42.01944;2014-11-10;5. MUY BAJO;5. MUY BAJO;4. BAJO;5. MUY BAJO;4. BAJO
PALENCIA 3;-4.53833;42.01944;2014-11-11;5. MUY BAJO;5. MUY BAJO;5. MUY BAJO;5. MUY BAJO;3. MEDIO
PALENCIA 3;-4.53833;42.01944;2014-11-12;5. MUY BAJO;5. MUY BAJO;5. MUY BAJO;5. MUY BAJO;3. MEDIO
PALENCIA 3;-4.53833;42.01944;2014-11-13;5. MUY BAJO;5. MUY BAJO;5. MUY BAJO;5. MUY BAJO;4. BAJO
PALENCIA 3;-4.53833;42.01944;2014-11-14;5. MUY BAJO;5. MUY BAJO;5. MUY BAJO;5. MUY BAJO;3. MEDIO
PALENCIA 3;-4.53833;42.01944;2014-11-15;5. MUY BAJO;5. MUY BAJO;5. MUY BAJO;5. MUY BAJO;3. MEDIO
PALENCIA 3;-4.53833;42.01944;2014-11-16;5. MUY BAJO;5. MUY BAJO;5. MUY BAJO;5. MUY BAJO;3. MEDIO
PALENCIA 3;-4.53833;42.01944;2014-11-17;5. MUY BAJO;5. MUY BAJO;5. MUY BAJO;5. MUY BAJO;3. MEDIO
PALENCIA 3;-4.53833;42.01944;2014-11-18;5. MUY BAJO;5. MUY BAJO;2. ALTO;4. BAJO;5. MUY BAJO
PALENCIA 3;-4.53833;42.01944;2014-11-19;5. MUY BAJO;5. MUY BAJO;3. MEDIO;4. BAJO;5. MUY BAJO
PALENCIA 3;-4.53833;42.01944;2014-11-20;5. MUY BAJO;4. BAJO;3. MEDIO;4. BAJO;5. MUY BAJO
PALENCIA 3;-4.53833;42.01944;2014-11-21;5. MUY BAJO;4. BAJO;3. MEDIO;3. MEDIO;5. MUY BAJO
PALENCIA 3;-4.53833;42.01944;2014-11-22;5. MUY BAJO;5. MUY BAJO;4. BAJO;3. MEDIO;5. MUY BAJO
PALENCIA 3;-4.53833;42.01944;2014-11-23;5. MUY BAJO;5. MUY BAJO;5. MUY BAJO;1. MUY ALTO;5. MUY BAJO
PALENCIA 3;-4.53833;42.01944;2014-11-24;5. MUY BAJO;5. MUY BAJO;5. MUY BAJO;3. MEDIO;5. MUY BAJO
PALENCIA 3;-4.53833;42.01944;2014-11-25;5. MUY BAJO;5. MUY BAJO;4. BAJO;3. MEDIO;5. MUY BAJO
PALENCIA 3;-4.53833;42.01944;2014-11-26;5. MUY BAJO;5. MUY BAJO;4. BAJO;4. BAJO;5. MUY BAJO
PALENCIA 3;-4.53833;42.01944;2014-11-27;5. MUY BAJO;5. MUY BAJO;4. BAJO;5. MUY BAJO;4. BAJO
PALENCIA 3;-4.53833;42.01944;2014-11-28;5. MUY BAJO;5. MUY BAJO;4. BAJO;5. MUY BAJO;3. MEDIO
PALENCIA 3;-4.53833;42.01944;2014-11-29;5. MUY BAJO;5. MUY BAJO;5. MUY BAJO;5. MUY BAJO;3. MEDIO
PALENCIA 3;-4.53833;42.01944;2014-11-30;5. MUY BAJO;5. MUY BAJO;5. MUY BAJO;5. MUY BAJO;3. MEDIO
PALENCIA 3;-4.53833;42.01944;2014-12-01;5. MUY BAJO;5. MUY BAJO;5. MUY BAJO;;4. BAJO
PALENCIA 3;-4.53833;42.01944;2014-12-02;5. MUY BAJO;5. MUY BAJO;5. MUY BAJO;;4. BAJO
PALENCIA 3;-4.53833;42.01944;2014-12-03;5. MUY BAJO;5. MUY BAJO;5. MUY BAJO;5. MUY BAJO;4. BAJO
PALENCIA 3;-4.53833;42.01944;2014-12-04;5. MUY BAJO;5. MUY BAJO;5. MUY BAJO;5. MUY BAJO;5. MUY BAJO
PALENCIA 3;-4.53833;42.01944;2014-12-05;5. MUY BAJO;5. MUY BAJO;4. BAJO;5. MUY BAJO;5. MUY BAJO
PALENCIA 3;-4.53833;42.01944;2014-12-06;5. MUY BAJO;5. MUY BAJO;5. MUY BAJO;5. MUY BAJO;4. BAJO
PALENCIA 3;-4.53833;42.01944;2014-12-07;5. MUY BAJO;5. MUY BAJO;4. BAJO;5. MUY BAJO;4. BAJO
PALENCIA 3;-4.53833;42.01944;2014-12-08;5. MUY BAJO;5. MUY BAJO;4. BAJO;4. BAJO;5. MUY BAJO
PALENCIA 3;-4.53833;42.01944;2014-12-09;5. MUY BAJO;5. MUY BAJO;4. BAJO;4. BAJO;4. BAJO
PALENCIA 3;-4.53833;42.01944;2014-12-10;5. MUY BAJO;3. MEDIO;3. MEDIO;4. BAJO;5. MUY BAJO
PALENCIA 3;-4.53833;42.01944;2014-12-11;5. MUY BAJO;3. MEDIO;3. MEDIO;3. MEDIO;5. MUY BAJO
PALENCIA 3;-4.53833;42.01944;2014-12-12;5. MUY BAJO;5. MUY BAJO;4. BAJO;4. BAJO;5. MUY BAJO
PALENCIA 3;-4.53833;42.01944;2014-12-13;5. MUY BAJO;5. MUY BAJO;4. BAJO;5. MUY BAJO;4. BAJO
PALENCIA 3;-4.53833;42.01944;2014-12-14;5. MUY BAJO;5. MUY BAJO;5. MUY BAJO;5. MUY BAJO;4. BAJO
PALENCIA 3;-4.53833;42.01944;2014-12-15;5. MUY BAJO;5. MUY BAJO;5. MUY BAJO;5. MUY BAJO;4. BAJO
PALENCIA 3;-4.53833;42.01944;2014-12-16;5. MUY BAJO;5. MUY BAJO;4. BAJO;5. MUY BAJO;5. MUY BAJO
PALENCIA 3;-4.53833;42.01944;2014-12-17;5. MUY BAJO;2. ALTO;3. MEDIO;3. MEDIO;5. MUY BAJO
PALENCIA 3;-4.53833;42.01944;2014-12-18;5. MUY BAJO;5. MUY BAJO;4. BAJO;4. BAJO;5. MUY BAJO
PALENCIA 3;-4.53833;42.01944;2014-12-19;5. MUY BAJO;5. MUY BAJO;5. MUY BAJO;5. MUY BAJO;4. BAJO
PALENCIA 3;-4.53833;42.01944;2014-12-20;5. MUY BAJO;5. MUY BAJO;5. MUY BAJO;5. MUY BAJO;4. BAJO
PALENCIA 3;-4.53833;42.01944;2014-12-21;5. MUY BAJO;5. MUY BAJO;5. MUY BAJO;5. MUY BAJO;5. MUY BAJO
PALENCIA 3;-4.53833;42.01944;2014-12-22;5. MUY BAJO;5. MUY BAJO;5. MUY BAJO;5. MUY BAJO;5. MUY BAJO
PALENCIA 3;-4.53833;42.01944;2014-12-23;5. MUY BAJO;5. MUY BAJO;5. MUY BAJO;5. MUY BAJO;5. MUY BAJO
PALENCIA 3;-4.53833;42.01944;2014-12-24;5. MUY BAJO;5. MUY BAJO;4. BAJO;4. BAJO;5. MUY BAJO
PALENCIA 3;-4.53833;42.01944;2014-12-25;5. MUY BAJO;5. MUY BAJO;5. MUY BAJO;5. MUY BAJO;5. MUY BAJO
PALENCIA 3;-4.53833;42.01944;2014-12-26;5. MUY BAJO;5. MUY BAJO;5. MUY BAJO;5. MUY BAJO;4. BAJO
PALENCIA 3;-4.53833;42.01944;2014-12-27;5. MUY BAJO;5. MUY BAJO;5. MUY BAJO;4. BAJO;4. BAJO
PALENCIA 3;-4.53833;42.01944;2014-12-28;5. MUY BAJO;5. MUY BAJO;5. MUY BAJO;4. BAJO;3. MEDIO
PALENCIA 3;-4.53833;42.01944;2014-12-29;5. MUY BAJO;5. MUY BAJO;5. MUY BAJO;5. MUY BAJO;3. MEDIO
PALENCIA 3;-4.53833;42.01944;2014-12-30;5. MUY BAJO;5. MUY BAJO;4. BAJO;5. MUY BAJO;4. BAJO
PALENCIA 3;-4.53833;42.01944;2014-12-31;5. MUY BAJO;3. MEDIO;3. MEDIO;4. BAJO;5. MUY BAJO
