Nombre;Longitud;Latitud;Fecha;SO2;NO;NO2;CO;O3
Teruel;-1.108396;40.33642;2015-01-01;5. MUY BAJO;5. MUY BAJO;4. BAJO;3. MEDIO;5. MUY BAJO
Teruel;-1.108396;40.33642;2015-01-02;;;;;
Teruel;-1.108396;40.33642;2015-01-03;5. MUY BAJO;4. BAJO;3. MEDIO;3. MEDIO;5. MUY BAJO
Teruel;-1.108396;40.33642;2015-01-04;5. MUY BAJO;5. MUY BAJO;3. MEDIO;3. MEDIO;5. MUY BAJO
Teruel;-1.108396;40.33642;2015-01-05;3. MEDIO;4. BAJO;3. MEDIO;3. MEDIO;5. MUY BAJO
Teruel;-1.108396;40.33642;2015-01-06;5. MUY BAJO;4. BAJO;3. MEDIO;3. MEDIO;5. MUY BAJO
Teruel;-1.108396;40.33642;2015-01-07;4. BAJO;4. BAJO;3. MEDIO;3. MEDIO;5. MUY BAJO
Teruel;-1.108396;40.33642;2015-01-08;4. BAJO;4. BAJO;2. ALTO;3. MEDIO;5. MUY BAJO
Teruel;-1.108396;40.33642;2015-01-09;4. BAJO;3. MEDIO;2. ALTO;2. ALTO;5. MUY BAJO
Teruel;-1.108396;40.33642;2015-01-10;5. MUY BAJO;4. BAJO;3. MEDIO;3. MEDIO;5. MUY BAJO
Teruel;-1.108396;40.33642;2015-01-11;4. BAJO;5. MUY BAJO;4. BAJO;3. MEDIO;5. MUY BAJO
Teruel;-1.108396;40.33642;2015-01-12;4. BAJO;3. MEDIO;3. MEDIO;2. ALTO;5. MUY BAJO
Teruel;-1.108396;40.33642;2015-01-13;4. BAJO;3. MEDIO;2. ALTO;2. ALTO;5. MUY BAJO
Teruel;-1.108396;40.33642;2015-01-14;5. MUY BAJO;3. MEDIO;3. MEDIO;2. ALTO;5. MUY BAJO
Teruel;-1.108396;40.33642;2015-01-15;5. MUY BAJO;4. BAJO;4. BAJO;3. MEDIO;5. MUY BAJO
Teruel;-1.108396;40.33642;2015-01-16;5. MUY BAJO;5. MUY BAJO;5. MUY BAJO;3. MEDIO;3. MEDIO
Teruel;-1.108396;40.33642;2015-01-17;4. BAJO;5. MUY BAJO;4. BAJO;2. ALTO;4. BAJO
Teruel;-1.108396;40.33642;2015-01-18;5. MUY BAJO;5. MUY BAJO;4. BAJO;2. ALTO;5. MUY BAJO
Teruel;-1.108396;40.33642;2015-01-19;5. MUY BAJO;5. MUY BAJO;4. BAJO;2. ALTO;4. BAJO
Teruel;-1.108396;40.33642;2015-01-20;4. BAJO;4. BAJO;3. MEDIO;2. ALTO;5. MUY BAJO
Teruel;-1.108396;40.33642;2015-01-21;5. MUY BAJO;5. MUY BAJO;3. MEDIO;2. ALTO;5. MUY BAJO
Teruel;-1.108396;40.33642;2015-01-22;4. BAJO;5. MUY BAJO;4. BAJO;3. MEDIO;4. BAJO
Teruel;-1.108396;40.33642;2015-01-23;5. MUY BAJO;5. MUY BAJO;5. MUY BAJO;3. MEDIO;3. MEDIO
Teruel;-1.108396;40.33642;2015-01-24;4. BAJO;5. MUY BAJO;5. MUY BAJO;3. MEDIO;3. MEDIO
Teruel;-1.108396;40.33642;2015-01-25;4. BAJO;5. MUY BAJO;5. MUY BAJO;3. MEDIO;3. MEDIO
Teruel;-1.108396;40.33642;2015-01-26;4. BAJO;5. MUY BAJO;4. BAJO;2. ALTO;4. BAJO
Teruel;-1.108396;40.33642;2015-01-27;5. MUY BAJO;5. MUY BAJO;5. MUY BAJO;3. MEDIO;4. BAJO
Teruel;-1.108396;40.33642;2015-01-28;5. MUY BAJO;5. MUY BAJO;4. BAJO;2. ALTO;4. BAJO
Teruel;-1.108396;40.33642;2015-01-29;5. MUY BAJO;4. BAJO;4. BAJO;2. ALTO;4. BAJO
Teruel;-1.108396;40.33642;2015-01-30;5. MUY BAJO;5. MUY BAJO;5. MUY BAJO;2. ALTO;3. MEDIO
Teruel;-1.108396;40.33642;2015-01-31;;;;;
Teruel;-1.108396;40.33642;2015-02-01;;;;;
Teruel;-1.108396;40.33642;2015-02-02;;;;;
Teruel;-1.108396;40.33642;2015-02-03;5. MUY BAJO;5. MUY BAJO;5. MUY BAJO;2. ALTO;
Teruel;-1.108396;40.33642;2015-02-04;5. MUY BAJO;5. MUY BAJO;5. MUY BAJO;2. ALTO;
Teruel;-1.108396;40.33642;2015-02-05;5. MUY BAJO;5. MUY BAJO;5. MUY BAJO;2. ALTO;3. MEDIO
Teruel;-1.108396;40.33642;2015-02-06;4. BAJO;5. MUY BAJO;5. MUY BAJO;2. ALTO;3. MEDIO
Teruel;-1.108396;40.33642;2015-02-07;3. MEDIO;5. MUY BAJO;4. BAJO;2. ALTO;4. BAJO
Teruel;-1.108396;40.33642;2015-02-08;5. MUY BAJO;5. MUY BAJO;4. BAJO;2. ALTO;5. MUY BAJO
Teruel;-1.108396;40.33642;2015-02-09;5. MUY BAJO;5. MUY BAJO;3. MEDIO;2. ALTO;4. BAJO
Teruel;-1.108396;40.33642;2015-02-10;5. MUY BAJO;5. MUY BAJO;3. MEDIO;2. ALTO;5. MUY BAJO
Teruel;-1.108396;40.33642;2015-02-11;5. MUY BAJO;5. MUY BAJO;2. ALTO;1. MUY ALTO;4. BAJO
Teruel;-1.108396;40.33642;2015-02-12;5. MUY BAJO;5. MUY BAJO;3. MEDIO;1. MUY ALTO;5. MUY BAJO
Teruel;-1.108396;40.33642;2015-02-13;5. MUY BAJO;5. MUY BAJO;3. MEDIO;1. MUY ALTO;4. BAJO
Teruel;-1.108396;40.33642;2015-02-14;5. MUY BAJO;5. MUY BAJO;4. BAJO;1. MUY ALTO;4. BAJO
Teruel;-1.108396;40.33642;2015-02-15;5. MUY BAJO;5. MUY BAJO;5. MUY BAJO;1. MUY ALTO;4. BAJO
Teruel;-1.108396;40.33642;2015-02-16;4. BAJO;5. MUY BAJO;5. MUY BAJO;1. MUY ALTO;4. BAJO
Teruel;-1.108396;40.33642;2015-02-17;5. MUY BAJO;5. MUY BAJO;5. MUY BAJO;1. MUY ALTO;3. MEDIO
Teruel;-1.108396;40.33642;2015-02-18;5. MUY BAJO;5. MUY BAJO;4. BAJO;1. MUY ALTO;4. BAJO
Teruel;-1.108396;40.33642;2015-02-19;5. MUY BAJO;5. MUY BAJO;3. MEDIO;1. MUY ALTO;4. BAJO
Teruel;-1.108396;40.33642;2015-02-20;5. MUY BAJO;5. MUY BAJO;4. BAJO;1. MUY ALTO;4. BAJO
Teruel;-1.108396;40.33642;2015-02-21;5. MUY BAJO;5. MUY BAJO;4. BAJO;1. MUY ALTO;3. MEDIO
Teruel;-1.108396;40.33642;2015-02-22;5. MUY BAJO;5. MUY BAJO;5. MUY BAJO;1. MUY ALTO;3. MEDIO
Teruel;-1.108396;40.33642;2015-02-23;5. MUY BAJO;5. MUY BAJO;4. BAJO;1. MUY ALTO;4. BAJO
Teruel;-1.108396;40.33642;2015-02-24;5. MUY BAJO;5. MUY BAJO;5. MUY BAJO;1. MUY ALTO;3. MEDIO
Teruel;-1.108396;40.33642;2015-02-25;5. MUY BAJO;5. MUY BAJO;5. MUY BAJO;1. MUY ALTO;3. MEDIO
Teruel;-1.108396;40.33642;2015-02-26;5. MUY BAJO;5. MUY BAJO;5. MUY BAJO;1. MUY ALTO;4. BAJO
Teruel;-1.108396;40.33642;2015-02-27;5. MUY BAJO;5. MUY BAJO;5. MUY BAJO;1. MUY ALTO;3. MEDIO
Teruel;-1.108396;40.33642;2015-02-28;4. BAJO;5. MUY BAJO;5. MUY BAJO;1. MUY ALTO;4. BAJO
Teruel;-1.108396;40.33642;2015-03-01;5. MUY BAJO;5. MUY BAJO;4. BAJO;1. MUY ALTO;5. MUY BAJO
Teruel;-1.108396;40.33642;2015-03-02;4. BAJO;5. MUY BAJO;3. MEDIO;2. ALTO;5. MUY BAJO
Teruel;-1.108396;40.33642;2015-03-03;5. MUY BAJO;5. MUY BAJO;3. MEDIO;3. MEDIO;5. MUY BAJO
Teruel;-1.108396;40.33642;2015-03-04;5. MUY BAJO;5. MUY BAJO;4. BAJO;3. MEDIO;4. BAJO
Teruel;-1.108396;40.33642;2015-03-05;5. MUY BAJO;5. MUY BAJO;4. BAJO;3. MEDIO;3. MEDIO
Teruel;-1.108396;40.33642;2015-03-06;5. MUY BAJO;5. MUY BAJO;3. MEDIO;3. MEDIO;4. BAJO
Teruel;-1.108396;40.33642;2015-03-07;4. BAJO;5. MUY BAJO;4. BAJO;3. MEDIO;4. BAJO
Teruel;-1.108396;40.33642;2015-03-08;5. MUY BAJO;5. MUY BAJO;4. BAJO;3. MEDIO;4. BAJO
Teruel;-1.108396;40.33642;2015-03-09;2. ALTO;5. MUY BAJO;3. MEDIO;3. MEDIO;4. BAJO
Teruel;-1.108396;40.33642;2015-03-10;5. MUY BAJO;5. MUY BAJO;3. MEDIO;3. MEDIO;4. BAJO
Teruel;-1.108396;40.33642;2015-03-11;4. BAJO;5. MUY BAJO;3. MEDIO;3. MEDIO;4. BAJO
Teruel;-1.108396;40.33642;2015-03-12;5. MUY BAJO;5. MUY BAJO;3. MEDIO;3. MEDIO;4. BAJO
Teruel;-1.108396;40.33642;2015-03-13;5. MUY BAJO;5. MUY BAJO;4. BAJO;3. MEDIO;4. BAJO
Teruel;-1.108396;40.33642;2015-03-14;5. MUY BAJO;5. MUY BAJO;5. MUY BAJO;4. BAJO;3. MEDIO
Teruel;-1.108396;40.33642;2015-03-15;5. MUY BAJO;5. MUY BAJO;5. MUY BAJO;4. BAJO;3. MEDIO
Teruel;-1.108396;40.33642;2015-03-16;5. MUY BAJO;5. MUY BAJO;4. BAJO;3. MEDIO;3. MEDIO
Teruel;-1.108396;40.33642;2015-03-17;5. MUY BAJO;5. MUY BAJO;4. BAJO;3. MEDIO;3. MEDIO
Teruel;-1.108396;40.33642;2015-03-18;5. MUY BAJO;5. MUY BAJO;4. BAJO;3. MEDIO;3. MEDIO
Teruel;-1.108396;40.33642;2015-03-19;5. MUY BAJO;5. MUY BAJO;4. BAJO;3. MEDIO;3. MEDIO
Teruel;-1.108396;40.33642;2015-03-20;5. MUY BAJO;5. MUY BAJO;3. MEDIO;3. MEDIO;4. BAJO
Teruel;-1.108396;40.33642;2015-03-21;5. MUY BAJO;5. MUY BAJO;4. BAJO;3. MEDIO;3. MEDIO
Teruel;-1.108396;40.33642;2015-03-22;5. MUY BAJO;5. MUY BAJO;5. MUY BAJO;3. MEDIO;3. MEDIO
Teruel;-1.108396;40.33642;2015-03-23;5. MUY BAJO;5. MUY BAJO;4. BAJO;3. MEDIO;3. MEDIO
Teruel;-1.108396;40.33642;2015-03-24;5. MUY BAJO;5. MUY BAJO;4. BAJO;3. MEDIO;3. MEDIO
Teruel;-1.108396;40.33642;2015-03-25;5. MUY BAJO;5. MUY BAJO;5. MUY BAJO;4. BAJO;2. ALTO
Teruel;-1.108396;40.33642;2015-03-26;5. MUY BAJO;5. MUY BAJO;5. MUY BAJO;4. BAJO;3. MEDIO
Teruel;-1.108396;40.33642;2015-03-27;4. BAJO;5. MUY BAJO;5. MUY BAJO;3. MEDIO;4. BAJO
Teruel;-1.108396;40.33642;2015-03-28;4. BAJO;5. MUY BAJO;5. MUY BAJO;3. MEDIO;4. BAJO
Teruel;-1.108396;40.33642;2015-03-29;5. MUY BAJO;5. MUY BAJO;5. MUY BAJO;3. MEDIO;4. BAJO
Teruel;-1.108396;40.33642;2015-03-30;5. MUY BAJO;5. MUY BAJO;4. BAJO;3. MEDIO;4. BAJO
Teruel;-1.108396;40.33642;2015-03-31;4. BAJO;5. MUY BAJO;4. BAJO;3. MEDIO;4. BAJO
Teruel;-1.108396;40.33642;2015-04-01;5. MUY BAJO;5. MUY BAJO;4. BAJO;3. MEDIO;3. MEDIO
Teruel;-1.108396;40.33642;2015-04-02;5. MUY BAJO;5. MUY BAJO;4. BAJO;4. BAJO;4. BAJO
Teruel;-1.108396;40.33642;2015-04-03;5. MUY BAJO;5. MUY BAJO;4. BAJO;4. BAJO;4. BAJO
Teruel;-1.108396;40.33642;2015-04-04;4. BAJO;5. MUY BAJO;5. MUY BAJO;4. BAJO;3. MEDIO
Teruel;-1.108396;40.33642;2015-04-05;5. MUY BAJO;5. MUY BAJO;5. MUY BAJO;4. BAJO;4. BAJO
Teruel;-1.108396;40.33642;2015-04-06;5. MUY BAJO;5. MUY BAJO;5. MUY BAJO;3. MEDIO;3. MEDIO
Teruel;-1.108396;40.33642;2015-04-07;5. MUY BAJO;5. MUY BAJO;5. MUY BAJO;4. BAJO;2. ALTO
Teruel;-1.108396;40.33642;2015-04-08;5. MUY BAJO;5. MUY BAJO;5. MUY BAJO;3. MEDIO;1. MUY ALTO
Teruel;-1.108396;40.33642;2015-04-09;5. MUY BAJO;5. MUY BAJO;5. MUY BAJO;3. MEDIO;2. ALTO
Teruel;-1.108396;40.33642;2015-04-10;5. MUY BAJO;5. MUY BAJO;5. MUY BAJO;3. MEDIO;2. ALTO
Teruel;-1.108396;40.33642;2015-04-11;4. BAJO;5. MUY BAJO;4. BAJO;3. MEDIO;3. MEDIO
Teruel;-1.108396;40.33642;2015-04-12;5. MUY BAJO;5. MUY BAJO;5. MUY BAJO;3. MEDIO;2. ALTO
Teruel;-1.108396;40.33642;2015-04-13;5. MUY BAJO;5. MUY BAJO;5. MUY BAJO;3. MEDIO;2. ALTO
Teruel;-1.108396;40.33642;2015-04-14;5. MUY BAJO;5. MUY BAJO;4. BAJO;3. MEDIO;2. ALTO
Teruel;-1.108396;40.33642;2015-04-15;5. MUY BAJO;5. MUY BAJO;5. MUY BAJO;3. MEDIO;2. ALTO
Teruel;-1.108396;40.33642;2015-04-16;5. MUY BAJO;5. MUY BAJO;5. MUY BAJO;3. MEDIO;3. MEDIO
Teruel;-1.108396;40.33642;2015-04-17;5. MUY BAJO;5. MUY BAJO;4. BAJO;3. MEDIO;4. BAJO
Teruel;-1.108396;40.33642;2015-04-18;5. MUY BAJO;5. MUY BAJO;5. MUY BAJO;3. MEDIO;3. MEDIO
Teruel;-1.108396;40.33642;2015-04-19;5. MUY BAJO;5. MUY BAJO;5. MUY BAJO;3. MEDIO;3. MEDIO
Teruel;-1.108396;40.33642;2015-04-20;5. MUY BAJO;5. MUY BAJO;4. BAJO;3. MEDIO;3. MEDIO
Teruel;-1.108396;40.33642;2015-04-21;5. MUY BAJO;5. MUY BAJO;4. BAJO;;3. MEDIO
Teruel;-1.108396;40.33642;2015-04-22;5. MUY BAJO;5. MUY BAJO;4. BAJO;;2. ALTO
Teruel;-1.108396;40.33642;2015-04-23;5. MUY BAJO;5. MUY BAJO;4. BAJO;;3. MEDIO
Teruel;-1.108396;40.33642;2015-04-24;;;;;3. MEDIO
Teruel;-1.108396;40.33642;2015-04-25;5. MUY BAJO;5. MUY BAJO;5. MUY BAJO;;3. MEDIO
Teruel;-1.108396;40.33642;2015-04-26;5. MUY BAJO;5. MUY BAJO;5. MUY BAJO;;3. MEDIO
Teruel;-1.108396;40.33642;2015-04-27;;;;;
Teruel;-1.108396;40.33642;2015-04-28;;;;;
Teruel;-1.108396;40.33642;2015-04-29;;;;;
Teruel;-1.108396;40.33642;2015-04-30;;;;;
Teruel;-1.108396;40.33642;2015-05-01;;;;;
Teruel;-1.108396;40.33642;2015-05-02;;;;;
Teruel;-1.108396;40.33642;2015-05-03;;;;;
Teruel;-1.108396;40.33642;2015-05-04;;;;;
Teruel;-1.108396;40.33642;2015-05-05;;;;;
Teruel;-1.108396;40.33642;2015-05-06;;;;;
Teruel;-1.108396;40.33642;2015-05-07;;;;;
Teruel;-1.108396;40.33642;2015-05-08;;;;;
Teruel;-1.108396;40.33642;2015-05-09;;;;;
Teruel;-1.108396;40.33642;2015-05-10;;;;;
Teruel;-1.108396;40.33642;2015-05-11;;;;;
Teruel;-1.108396;40.33642;2015-05-12;;;;;
Teruel;-1.108396;40.33642;2015-05-13;;;;;
Teruel;-1.108396;40.33642;2015-05-14;;;;;
Teruel;-1.108396;40.33642;2015-05-15;;;;;
Teruel;-1.108396;40.33642;2015-05-16;;;;;
Teruel;-1.108396;40.33642;2015-05-17;;;;;
Teruel;-1.108396;40.33642;2015-05-18;;;;;
Teruel;-1.108396;40.33642;2015-05-19;5. MUY BAJO;5. MUY BAJO;5. MUY BAJO;2. ALTO;3. MEDIO
Teruel;-1.108396;40.33642;2015-05-20;5. MUY BAJO;5. MUY BAJO;5. MUY BAJO;3. MEDIO;2. ALTO
Teruel;-1.108396;40.33642;2015-05-21;5. MUY BAJO;5. MUY BAJO;5. MUY BAJO;4. BAJO;2. ALTO
Teruel;-1.108396;40.33642;2015-05-22;5. MUY BAJO;5. MUY BAJO;5. MUY BAJO;5. MUY BAJO;3. MEDIO
Teruel;-1.108396;40.33642;2015-05-23;5. MUY BAJO;5. MUY BAJO;5. MUY BAJO;3. MEDIO;3. MEDIO
Teruel;-1.108396;40.33642;2015-05-24;5. MUY BAJO;5. MUY BAJO;5. MUY BAJO;3. MEDIO;3. MEDIO
Teruel;-1.108396;40.33642;2015-05-25;5. MUY BAJO;5. MUY BAJO;5. MUY BAJO;3. MEDIO;3. MEDIO
Teruel;-1.108396;40.33642;2015-05-26;5. MUY BAJO;5. MUY BAJO;5. MUY BAJO;3. MEDIO;3. MEDIO
Teruel;-1.108396;40.33642;2015-05-27;5. MUY BAJO;5. MUY BAJO;5. MUY BAJO;3. MEDIO;3. MEDIO
Teruel;-1.108396;40.33642;2015-05-28;5. MUY BAJO;5. MUY BAJO;5. MUY BAJO;3. MEDIO;2. ALTO
Teruel;-1.108396;40.33642;2015-05-29;5. MUY BAJO;5. MUY BAJO;5. MUY BAJO;3. MEDIO;3. MEDIO
Teruel;-1.108396;40.33642;2015-05-30;5. MUY BAJO;5. MUY BAJO;5. MUY BAJO;3. MEDIO;3. MEDIO
Teruel;-1.108396;40.33642;2015-05-31;5. MUY BAJO;5. MUY BAJO;5. MUY BAJO;3. MEDIO;3. MEDIO
Teruel;-1.108396;40.33642;2015-06-01;5. MUY BAJO;5. MUY BAJO;5. MUY BAJO;4. BAJO;3. MEDIO
Teruel;-1.108396;40.33642;2015-06-02;5. MUY BAJO;5. MUY BAJO;5. MUY BAJO;4. BAJO;3. MEDIO
Teruel;-1.108396;40.33642;2015-06-03;5. MUY BAJO;5. MUY BAJO;5. MUY BAJO;5. MUY BAJO;2. ALTO
Teruel;-1.108396;40.33642;2015-06-04;5. MUY BAJO;5. MUY BAJO;5. MUY BAJO;4. BAJO;2. ALTO
Teruel;-1.108396;40.33642;2015-06-05;5. MUY BAJO;5. MUY BAJO;4. BAJO;3. MEDIO;2. ALTO
Teruel;-1.108396;40.33642;2015-06-06;5. MUY BAJO;5. MUY BAJO;4. BAJO;3. MEDIO;2. ALTO
Teruel;-1.108396;40.33642;2015-06-07;5. MUY BAJO;5. MUY BAJO;5. MUY BAJO;3. MEDIO;2. ALTO
Teruel;-1.108396;40.33642;2015-06-08;5. MUY BAJO;5. MUY BAJO;4. BAJO;3. MEDIO;2. ALTO
Teruel;-1.108396;40.33642;2015-06-09;5. MUY BAJO;5. MUY BAJO;4. BAJO;3. MEDIO;2. ALTO
Teruel;-1.108396;40.33642;2015-06-10;5. MUY BAJO;5. MUY BAJO;5. MUY BAJO;3. MEDIO;2. ALTO
Teruel;-1.108396;40.33642;2015-06-11;5. MUY BAJO;5. MUY BAJO;4. BAJO;3. MEDIO;3. MEDIO
Teruel;-1.108396;40.33642;2015-06-12;5. MUY BAJO;5. MUY BAJO;4. BAJO;3. MEDIO;3. MEDIO
Teruel;-1.108396;40.33642;2015-06-13;5. MUY BAJO;5. MUY BAJO;5. MUY BAJO;3. MEDIO;3. MEDIO
Teruel;-1.108396;40.33642;2015-06-14;5. MUY BAJO;5. MUY BAJO;5. MUY BAJO;2. ALTO;3. MEDIO
Teruel;-1.108396;40.33642;2015-06-15;5. MUY BAJO;5. MUY BAJO;5. MUY BAJO;2. ALTO;3. MEDIO
Teruel;-1.108396;40.33642;2015-06-16;5. MUY BAJO;5. MUY BAJO;5. MUY BAJO;2. ALTO;2. ALTO
Teruel;-1.108396;40.33642;2015-06-17;5. MUY BAJO;5. MUY BAJO;5. MUY BAJO;2. ALTO;2. ALTO
Teruel;-1.108396;40.33642;2015-06-18;5. MUY BAJO;5. MUY BAJO;5. MUY BAJO;2. ALTO;2. ALTO
Teruel;-1.108396;40.33642;2015-06-19;5. MUY BAJO;5. MUY BAJO;5. MUY BAJO;3. MEDIO;4. BAJO
Teruel;-1.108396;40.33642;2015-06-20;5. MUY BAJO;5. MUY BAJO;5. MUY BAJO;2. ALTO;3. MEDIO
Teruel;-1.108396;40.33642;2015-06-21;5. MUY BAJO;5. MUY BAJO;5. MUY BAJO;2. ALTO;2. ALTO
Teruel;-1.108396;40.33642;2015-06-22;5. MUY BAJO;5. MUY BAJO;4. BAJO;2. ALTO;3. MEDIO
Teruel;-1.108396;40.33642;2015-06-23;5. MUY BAJO;5. MUY BAJO;5. MUY BAJO;2. ALTO;3. MEDIO
Teruel;-1.108396;40.33642;2015-06-24;5. MUY BAJO;5. MUY BAJO;5. MUY BAJO;2. ALTO;3. MEDIO
Teruel;-1.108396;40.33642;2015-06-25;5. MUY BAJO;5. MUY BAJO;5. MUY BAJO;2. ALTO;2. ALTO
Teruel;-1.108396;40.33642;2015-06-26;5. MUY BAJO;5. MUY BAJO;5. MUY BAJO;2. ALTO;2. ALTO
Teruel;-1.108396;40.33642;2015-06-27;5. MUY BAJO;5. MUY BAJO;5. MUY BAJO;2. ALTO;1. MUY ALTO
Teruel;-1.108396;40.33642;2015-06-28;5. MUY BAJO;5. MUY BAJO;5. MUY BAJO;2. ALTO;1. MUY ALTO
Teruel;-1.108396;40.33642;2015-06-29;5. MUY BAJO;5. MUY BAJO;5. MUY BAJO;2. ALTO;2. ALTO
Teruel;-1.108396;40.33642;2015-06-30;5. MUY BAJO;5. MUY BAJO;5. MUY BAJO;2. ALTO;1. MUY ALTO
Teruel;-1.108396;40.33642;2015-07-01;5. MUY BAJO;5. MUY BAJO;5. MUY BAJO;2. ALTO;1. MUY ALTO
Teruel;-1.108396;40.33642;2015-07-02;5. MUY BAJO;5. MUY BAJO;5. MUY BAJO;2. ALTO;2. ALTO
Teruel;-1.108396;40.33642;2015-07-03;;;;;
Teruel;-1.108396;40.33642;2015-07-04;5. MUY BAJO;5. MUY BAJO;5. MUY BAJO;3. MEDIO;1. MUY ALTO
Teruel;-1.108396;40.33642;2015-07-05;5. MUY BAJO;5. MUY BAJO;5. MUY BAJO;3. MEDIO;2. ALTO
Teruel;-1.108396;40.33642;2015-07-06;5. MUY BAJO;5. MUY BAJO;5. MUY BAJO;3. MEDIO;3. MEDIO
Teruel;-1.108396;40.33642;2015-07-07;5. MUY BAJO;5. MUY BAJO;4. BAJO;3. MEDIO;3. MEDIO
Teruel;-1.108396;40.33642;2015-07-08;5. MUY BAJO;5. MUY BAJO;5. MUY BAJO;3. MEDIO;2. ALTO
Teruel;-1.108396;40.33642;2015-07-09;5. MUY BAJO;5. MUY BAJO;5. MUY BAJO;2. ALTO;3. MEDIO
Teruel;-1.108396;40.33642;2015-07-10;5. MUY BAJO;5. MUY BAJO;5. MUY BAJO;2. ALTO;2. ALTO
Teruel;-1.108396;40.33642;2015-07-11;5. MUY BAJO;5. MUY BAJO;5. MUY BAJO;2. ALTO;2. ALTO
Teruel;-1.108396;40.33642;2015-07-12;5. MUY BAJO;5. MUY BAJO;5. MUY BAJO;2. ALTO;2. ALTO
Teruel;-1.108396;40.33642;2015-07-13;5. MUY BAJO;5. MUY BAJO;5. MUY BAJO;3. MEDIO;2. ALTO
Teruel;-1.108396;40.33642;2015-07-14;5. MUY BAJO;5. MUY BAJO;5. MUY BAJO;3. MEDIO;2. ALTO
Teruel;-1.108396;40.33642;2015-07-15;5. MUY BAJO;5. MUY BAJO;5. MUY BAJO;2. ALTO;2. ALTO
Teruel;-1.108396;40.33642;2015-07-16;5. MUY BAJO;5. MUY BAJO;5. MUY BAJO;3. MEDIO;2. ALTO
Teruel;-1.108396;40.33642;2015-07-17;5. MUY BAJO;5. MUY BAJO;5. MUY BAJO;2. ALTO;2. ALTO
Teruel;-1.108396;40.33642;2015-07-18;5. MUY BAJO;5. MUY BAJO;5. MUY BAJO;2. ALTO;3. MEDIO
Teruel;-1.108396;40.33642;2015-07-19;5. MUY BAJO;5. MUY BAJO;5. MUY BAJO;2. ALTO;3. MEDIO
Teruel;-1.108396;40.33642;2015-07-20;5. MUY BAJO;5. MUY BAJO;5. MUY BAJO;2. ALTO;3. MEDIO
Teruel;-1.108396;40.33642;2015-07-21;5. MUY BAJO;5. MUY BAJO;4. BAJO;2. ALTO;3. MEDIO
Teruel;-1.108396;40.33642;2015-07-22;5. MUY BAJO;5. MUY BAJO;5. MUY BAJO;2. ALTO;2. ALTO
Teruel;-1.108396;40.33642;2015-07-23;5. MUY BAJO;5. MUY BAJO;5. MUY BAJO;2. ALTO;3. MEDIO
Teruel;-1.108396;40.33642;2015-07-24;5. MUY BAJO;5. MUY BAJO;5. MUY BAJO;2. ALTO;2. ALTO
Teruel;-1.108396;40.33642;2015-07-25;5. MUY BAJO;5. MUY BAJO;5. MUY BAJO;2. ALTO;2. ALTO
Teruel;-1.108396;40.33642;2015-07-26;5. MUY BAJO;5. MUY BAJO;5. MUY BAJO;2. ALTO;2. ALTO
Teruel;-1.108396;40.33642;2015-07-27;5. MUY BAJO;5. MUY BAJO;5. MUY BAJO;2. ALTO;3. MEDIO
Teruel;-1.108396;40.33642;2015-07-28;5. MUY BAJO;5. MUY BAJO;5. MUY BAJO;2. ALTO;3. MEDIO
Teruel;-1.108396;40.33642;2015-07-29;5. MUY BAJO;5. MUY BAJO;5. MUY BAJO;2. ALTO;3. MEDIO
Teruel;-1.108396;40.33642;2015-07-30;5. MUY BAJO;5. MUY BAJO;5. MUY BAJO;2. ALTO;3. MEDIO
Teruel;-1.108396;40.33642;2015-07-31;5. MUY BAJO;5. MUY BAJO;5. MUY BAJO;1. MUY ALTO;3. MEDIO
Teruel;-1.108396;40.33642;2015-08-01;5. MUY BAJO;5. MUY BAJO;5. MUY BAJO;1. MUY ALTO;2. ALTO
Teruel;-1.108396;40.33642;2015-08-02;5. MUY BAJO;5. MUY BAJO;5. MUY BAJO;1. MUY ALTO;2. ALTO
Teruel;-1.108396;40.33642;2015-08-03;5. MUY BAJO;5. MUY BAJO;5. MUY BAJO;1. MUY ALTO;3. MEDIO
Teruel;-1.108396;40.33642;2015-08-04;5. MUY BAJO;5. MUY BAJO;5. MUY BAJO;1. MUY ALTO;2. ALTO
Teruel;-1.108396;40.33642;2015-08-05;5. MUY BAJO;5. MUY BAJO;5. MUY BAJO;;2. ALTO
Teruel;-1.108396;40.33642;2015-08-06;5. MUY BAJO;5. MUY BAJO;5. MUY BAJO;;3. MEDIO
Teruel;-1.108396;40.33642;2015-08-07;5. MUY BAJO;5. MUY BAJO;5. MUY BAJO;;3. MEDIO
Teruel;-1.108396;40.33642;2015-08-08;5. MUY BAJO;5. MUY BAJO;5. MUY BAJO;;4. BAJO
Teruel;-1.108396;40.33642;2015-08-09;5. MUY BAJO;5. MUY BAJO;5. MUY BAJO;;3. MEDIO
Teruel;-1.108396;40.33642;2015-08-10;5. MUY BAJO;5. MUY BAJO;5. MUY BAJO;;3. MEDIO
Teruel;-1.108396;40.33642;2015-08-11;5. MUY BAJO;5. MUY BAJO;5. MUY BAJO;;3. MEDIO
Teruel;-1.108396;40.33642;2015-08-12;5. MUY BAJO;5. MUY BAJO;5. MUY BAJO;;3. MEDIO
Teruel;-1.108396;40.33642;2015-08-13;5. MUY BAJO;5. MUY BAJO;5. MUY BAJO;;3. MEDIO
Teruel;-1.108396;40.33642;2015-08-14;5. MUY BAJO;5. MUY BAJO;5. MUY BAJO;;3. MEDIO
Teruel;-1.108396;40.33642;2015-08-15;5. MUY BAJO;5. MUY BAJO;5. MUY BAJO;;3. MEDIO
Teruel;-1.108396;40.33642;2015-08-16;5. MUY BAJO;5. MUY BAJO;5. MUY BAJO;;3. MEDIO
Teruel;-1.108396;40.33642;2015-08-17;5. MUY BAJO;5. MUY BAJO;5. MUY BAJO;;3. MEDIO
Teruel;-1.108396;40.33642;2015-08-18;5. MUY BAJO;5. MUY BAJO;5. MUY BAJO;3. MEDIO;4. BAJO
Teruel;-1.108396;40.33642;2015-08-19;5. MUY BAJO;5. MUY BAJO;5. MUY BAJO;4. BAJO;3. MEDIO
Teruel;-1.108396;40.33642;2015-08-20;5. MUY BAJO;5. MUY BAJO;5. MUY BAJO;3. MEDIO;3. MEDIO
Teruel;-1.108396;40.33642;2015-08-21;5. MUY BAJO;5. MUY BAJO;5. MUY BAJO;;3. MEDIO
Teruel;-1.108396;40.33642;2015-08-22;5. MUY BAJO;5. MUY BAJO;5. MUY BAJO;;3. MEDIO
Teruel;-1.108396;40.33642;2015-08-23;5. MUY BAJO;5. MUY BAJO;5. MUY BAJO;;3. MEDIO
Teruel;-1.108396;40.33642;2015-08-24;5. MUY BAJO;5. MUY BAJO;5. MUY BAJO;;3. MEDIO
Teruel;-1.108396;40.33642;2015-08-25;5. MUY BAJO;5. MUY BAJO;5. MUY BAJO;;3. MEDIO
Teruel;-1.108396;40.33642;2015-08-26;5. MUY BAJO;5. MUY BAJO;5. MUY BAJO;5. MUY BAJO;3. MEDIO
Teruel;-1.108396;40.33642;2015-08-27;5. MUY BAJO;5. MUY BAJO;5. MUY BAJO;5. MUY BAJO;3. MEDIO
Teruel;-1.108396;40.33642;2015-08-28;5. MUY BAJO;5. MUY BAJO;5. MUY BAJO;5. MUY BAJO;3. MEDIO
Teruel;-1.108396;40.33642;2015-08-29;5. MUY BAJO;5. MUY BAJO;5. MUY BAJO;5. MUY BAJO;3. MEDIO
Teruel;-1.108396;40.33642;2015-08-30;5. MUY BAJO;5. MUY BAJO;5. MUY BAJO;;3. MEDIO
Teruel;-1.108396;40.33642;2015-08-31;5. MUY BAJO;5. MUY BAJO;5. MUY BAJO;;3. MEDIO
Teruel;-1.108396;40.33642;2015-09-01;5. MUY BAJO;5. MUY BAJO;5. MUY BAJO;;3. MEDIO
Teruel;-1.108396;40.33642;2015-09-02;5. MUY BAJO;5. MUY BAJO;5. MUY BAJO;;3. MEDIO
Teruel;-1.108396;40.33642;2015-09-03;5. MUY BAJO;5. MUY BAJO;5. MUY BAJO;;3. MEDIO
Teruel;-1.108396;40.33642;2015-09-04;5. MUY BAJO;5. MUY BAJO;5. MUY BAJO;;3. MEDIO
Teruel;-1.108396;40.33642;2015-09-05;5. MUY BAJO;5. MUY BAJO;5. MUY BAJO;;3. MEDIO
Teruel;-1.108396;40.33642;2015-09-06;5. MUY BAJO;5. MUY BAJO;5. MUY BAJO;4. BAJO;3. MEDIO
Teruel;-1.108396;40.33642;2015-09-07;5. MUY BAJO;5. MUY BAJO;5. MUY BAJO;5. MUY BAJO;4. BAJO
Teruel;-1.108396;40.33642;2015-09-08;5. MUY BAJO;5. MUY BAJO;5. MUY BAJO;5. MUY BAJO;4. BAJO
Teruel;-1.108396;40.33642;2015-09-09;5. MUY BAJO;5. MUY BAJO;5. MUY BAJO;5. MUY BAJO;3. MEDIO
Teruel;-1.108396;40.33642;2015-09-10;5. MUY BAJO;5. MUY BAJO;5. MUY BAJO;5. MUY BAJO;3. MEDIO
Teruel;-1.108396;40.33642;2015-09-11;5. MUY BAJO;5. MUY BAJO;5. MUY BAJO;4. BAJO;3. MEDIO
Teruel;-1.108396;40.33642;2015-09-12;5. MUY BAJO;5. MUY BAJO;5. MUY BAJO;5. MUY BAJO;3. MEDIO
Teruel;-1.108396;40.33642;2015-09-13;5. MUY BAJO;5. MUY BAJO;5. MUY BAJO;5. MUY BAJO;3. MEDIO
Teruel;-1.108396;40.33642;2015-09-14;5. MUY BAJO;5. MUY BAJO;5. MUY BAJO;4. BAJO;3. MEDIO
Teruel;-1.108396;40.33642;2015-09-15;5. MUY BAJO;5. MUY BAJO;5. MUY BAJO;5. MUY BAJO;3. MEDIO
Teruel;-1.108396;40.33642;2015-09-16;5. MUY BAJO;5. MUY BAJO;5. MUY BAJO;5. MUY BAJO;3. MEDIO
Teruel;-1.108396;40.33642;2015-09-17;5. MUY BAJO;5. MUY BAJO;5. MUY BAJO;5. MUY BAJO;3. MEDIO
Teruel;-1.108396;40.33642;2015-09-18;5. MUY BAJO;5. MUY BAJO;5. MUY BAJO;5. MUY BAJO;4. BAJO
Teruel;-1.108396;40.33642;2015-09-19;5. MUY BAJO;5. MUY BAJO;5. MUY BAJO;5. MUY BAJO;4. BAJO
Teruel;-1.108396;40.33642;2015-09-20;5. MUY BAJO;5. MUY BAJO;5. MUY BAJO;5. MUY BAJO;4. BAJO
Teruel;-1.108396;40.33642;2015-09-21;5. MUY BAJO;5. MUY BAJO;4. BAJO;5. MUY BAJO;3. MEDIO
Teruel;-1.108396;40.33642;2015-09-22;5. MUY BAJO;5. MUY BAJO;5. MUY BAJO;5. MUY BAJO;3. MEDIO
Teruel;-1.108396;40.33642;2015-09-23;5. MUY BAJO;5. MUY BAJO;5. MUY BAJO;5. MUY BAJO;4. BAJO
Teruel;-1.108396;40.33642;2015-09-24;5. MUY BAJO;5. MUY BAJO;5. MUY BAJO;5. MUY BAJO;4. BAJO
Teruel;-1.108396;40.33642;2015-09-25;5. MUY BAJO;5. MUY BAJO;4. BAJO;5. MUY BAJO;4. BAJO
Teruel;-1.108396;40.33642;2015-09-26;5. MUY BAJO;5. MUY BAJO;5. MUY BAJO;5. MUY BAJO;4. BAJO
Teruel;-1.108396;40.33642;2015-09-27;5. MUY BAJO;5. MUY BAJO;5. MUY BAJO;5. MUY BAJO;4. BAJO
Teruel;-1.108396;40.33642;2015-09-28;5. MUY BAJO;5. MUY BAJO;5. MUY BAJO;3. MEDIO;4. BAJO
Teruel;-1.108396;40.33642;2015-09-29;5. MUY BAJO;5. MUY BAJO;5. MUY BAJO;5. MUY BAJO;4. BAJO
Teruel;-1.108396;40.33642;2015-09-30;5. MUY BAJO;5. MUY BAJO;5. MUY BAJO;5. MUY BAJO;3. MEDIO
Teruel;-1.108396;40.33642;2015-10-01;5. MUY BAJO;5. MUY BAJO;5. MUY BAJO;5. MUY BAJO;4. BAJO
Teruel;-1.108396;40.33642;2015-10-02;5. MUY BAJO;5. MUY BAJO;5. MUY BAJO;5. MUY BAJO;4. BAJO
Teruel;-1.108396;40.33642;2015-10-03;5. MUY BAJO;5. MUY BAJO;5. MUY BAJO;5. MUY BAJO;4. BAJO
Teruel;-1.108396;40.33642;2015-10-04;5. MUY BAJO;5. MUY BAJO;5. MUY BAJO;5. MUY BAJO;5. MUY BAJO
Teruel;-1.108396;40.33642;2015-10-05;5. MUY BAJO;5. MUY BAJO;5. MUY BAJO;5. MUY BAJO;4. BAJO
Teruel;-1.108396;40.33642;2015-10-06;5. MUY BAJO;5. MUY BAJO;5. MUY BAJO;5. MUY BAJO;4. BAJO
Teruel;-1.108396;40.33642;2015-10-07;5. MUY BAJO;5. MUY BAJO;5. MUY BAJO;5. MUY BAJO;4. BAJO
Teruel;-1.108396;40.33642;2015-10-08;5. MUY BAJO;5. MUY BAJO;5. MUY BAJO;5. MUY BAJO;4. BAJO
Teruel;-1.108396;40.33642;2015-10-09;5. MUY BAJO;5. MUY BAJO;5. MUY BAJO;5. MUY BAJO;4. BAJO
Teruel;-1.108396;40.33642;2015-10-10;5. MUY BAJO;5. MUY BAJO;5. MUY BAJO;5. MUY BAJO;4. BAJO
Teruel;-1.108396;40.33642;2015-10-11;5. MUY BAJO;5. MUY BAJO;5. MUY BAJO;5. MUY BAJO;4. BAJO
Teruel;-1.108396;40.33642;2015-10-12;5. MUY BAJO;5. MUY BAJO;5. MUY BAJO;5. MUY BAJO;5. MUY BAJO
Teruel;-1.108396;40.33642;2015-10-13;5. MUY BAJO;5. MUY BAJO;5. MUY BAJO;5. MUY BAJO;5. MUY BAJO
Teruel;-1.108396;40.33642;2015-10-14;5. MUY BAJO;5. MUY BAJO;5. MUY BAJO;5. MUY BAJO;4. BAJO
Teruel;-1.108396;40.33642;2015-10-15;5. MUY BAJO;5. MUY BAJO;4. BAJO;4. BAJO;5. MUY BAJO
Teruel;-1.108396;40.33642;2015-10-16;5. MUY BAJO;5. MUY BAJO;5. MUY BAJO;5. MUY BAJO;5. MUY BAJO
Teruel;-1.108396;40.33642;2015-10-17;5. MUY BAJO;5. MUY BAJO;5. MUY BAJO;4. BAJO;3. MEDIO
Teruel;-1.108396;40.33642;2015-10-18;5. MUY BAJO;5. MUY BAJO;5. MUY BAJO;5. MUY BAJO;
Teruel;-1.108396;40.33642;2015-10-19;5. MUY BAJO;5. MUY BAJO;5. MUY BAJO;4. BAJO;
Teruel;-1.108396;40.33642;2015-10-20;5. MUY BAJO;5. MUY BAJO;5. MUY BAJO;5. MUY BAJO;4. BAJO
Teruel;-1.108396;40.33642;2015-10-21;5. MUY BAJO;5. MUY BAJO;5. MUY BAJO;5. MUY BAJO;3. MEDIO
Teruel;-1.108396;40.33642;2015-10-22;5. MUY BAJO;5. MUY BAJO;5. MUY BAJO;4. BAJO;5. MUY BAJO
Teruel;-1.108396;40.33642;2015-10-23;5. MUY BAJO;5. MUY BAJO;5. MUY BAJO;5. MUY BAJO;5. MUY BAJO
Teruel;-1.108396;40.33642;2015-10-24;5. MUY BAJO;5. MUY BAJO;5. MUY BAJO;5. MUY BAJO;5. MUY BAJO
Teruel;-1.108396;40.33642;2015-10-25;5. MUY BAJO;5. MUY BAJO;5. MUY BAJO;3. MEDIO;5. MUY BAJO
Teruel;-1.108396;40.33642;2015-10-26;5. MUY BAJO;5. MUY BAJO;5. MUY BAJO;4. BAJO;4. BAJO
